Index,Arduino_Value,R_Value,Difference,Abs_Difference
1,4.122827529907227,4.12282698417858,5.457286462728916e-07,5.457286462728916e-07
2,4.699882507324219,4.6998818200066115,6.873176072730303e-07,6.873176072730303e-07
3,5.99956750869751,5.999566639504337,8.691931725479662e-07,8.691931725479662e-07
4,6.957069396972656,6.957068522144663,8.748279931580782e-07,8.748279931580782e-07
5,7.538173675537109,7.538172627728422,1.0478086878151771e-06,1.0478086878151771e-06
6,7.32676887512207,7.326767537408512,1.337713558591247e-06,1.337713558591247e-06
7,7.87014102935791,7.870139886616176,1.1427417341280943e-06,1.1427417341280943e-06
8,8.27807331085205,8.278071263489714,2.04736233655467e-06,2.04736233655467e-06
9,9.047650337219238,9.047649516562839,8.206563997248395e-07,8.206563997248395e-07
10,9.576970100402832,9.57696788842765,2.211975182575543e-06,2.211975182575543e-06
11,10.098959922790527,10.098957640377588,2.282412939536016e-06,2.282412939536016e-06
12,10.502668380737305,10.502665763522224,2.617215081102131e-06,2.617215081102131e-06
13,11.03361701965332,11.033614805992094,2.2136612258805144e-06,2.2136612258805144e-06
14,11.54022216796875,11.540218863858613,3.304110137491989e-06,3.304110137491989e-06
15,11.424973487854004,11.424970887300402,2.600553601794786e-06,2.600553601794786e-06
16,12.307000160217285,12.306998231944188,1.928273096751809e-06,1.928273096751809e-06
17,12.96985149383545,12.96984940387005,2.0899653989658873e-06,2.0899653989658873e-06
18,13.511781692504883,13.511778336390144,3.3561147390059887e-06,3.3561147390059887e-06
19,13.799348831176758,13.799345959108074,2.8720686842120813e-06,2.8720686842120813e-06
20,14.417658805847168,14.417654901967403,3.903879765232432e-06,3.903879765232432e-06
21,14.79165267944336,14.791649537543075,3.1419002848309674e-06,3.1419002848309674e-06
22,15.191954612731934,15.19195170526041,2.907471523982963e-06,2.907471523982963e-06
23,15.325098991394043,15.325096398031585,2.5933624581142567e-06,2.5933624581142567e-06
24,16.046791076660156,16.046788113417747,2.9632424087822073e-06,2.9632424087822073e-06
25,16.461050033569336,16.461044812042676,5.221526659937581e-06,5.221526659937581e-06
26,17.233028411865234,17.233023483458105,4.928407129511925e-06,4.928407129511925e-06
27,17.94834327697754,17.94833817646022,5.1005173204998755e-06,5.1005173204998755e-06
28,18.325836181640625,18.32583142776352,4.753877103524928e-06,4.753877103524928e-06
29,18.80600929260254,18.80600623704505,3.055557488806926e-06,3.055557488806926e-06
30,19.474533081054688,19.474528595661127,4.485393560571538e-06,4.485393560571538e-06
31,19.718833923339844,19.71883010183566,3.821504183321167e-06,3.821504183321167e-06
32,20.084627151489258,20.08462498567443,2.165814827037593e-06,2.165814827037593e-06
33,20.37041473388672,20.370412617718962,2.116167756582854e-06,2.116167756582854e-06
34,20.754199981689453,20.7541978307669,2.15092255473337e-06,2.15092255473337e-06
35,21.105989456176758,21.105987510259364,1.945917393442187e-06,1.945917393442187e-06
36,21.617630004882812,21.61762853927854,1.4656042708338646e-06,1.4656042708338646e-06
37,22.02500343322754,22.025001255863707,2.177363832345236e-06,2.177363832345236e-06
38,22.182567596435547,22.18256746932051,1.2711503671880564e-07,1.2711503671880564e-07
39,22.57762336730957,22.57762079015931,2.57715026208416e-06,2.57715026208416e-06
40,22.74273109436035,22.74272916639234,1.927968011017356e-06,1.927968011017356e-06
41,22.855056762695312,22.85505422609783,2.5365974813951198e-06,2.5365974813951198e-06
42,23.27003288269043,23.270031816902527,1.0657879023767691e-06,1.0657879023767691e-06
43,23.373266220092773,23.37326425407658,1.966016192511688e-06,1.966016192511688e-06
44,23.7077693939209,23.70776894834112,4.455797792957128e-07,4.455797792957128e-07
45,23.866146087646484,23.866147130540295,-1.0428938104212193e-06,1.0428938104212193e-06
46,24.360071182250977,24.36006949317993,1.6890710448080881e-06,1.6890710448080881e-06
47,24.74233627319336,24.7423352878428,9.853505602563928e-07,9.853505602563928e-07
48,24.95685386657715,24.95685264043995,1.226137197107846e-06,1.226137197107846e-06
49,25.343708038330078,25.343705866478782,2.1718512961399483e-06,2.1718512961399483e-06
50,25.67228126525879,25.672278999367848,2.2658909415440576e-06,2.2658909415440576e-06
51,25.7707462310791,25.77074111116975,5.1199093498155435e-06,5.1199093498155435e-06
52,26.005340576171875,26.005337699724667,2.8764472084219506e-06,2.8764472084219506e-06
53,26.13724708557129,26.137244227084196,2.8584870932490958e-06,2.8584870932490958e-06
54,26.459569931030273,26.45956716406864,2.7669616322612e-06,2.7669616322612e-06
55,26.628904342651367,26.628899178062298,5.164589069295289e-06,5.164589069295289e-06
56,26.853607177734375,26.853603068769427,4.108964947846516e-06,4.108964947846516e-06
57,26.9416446685791,26.94164326811683,1.4004622705954262e-06,1.4004622705954262e-06
58,27.06707763671875,27.06707450356425,3.1331545002899475e-06,3.1331545002899475e-06
59,27.33724021911621,27.33723658962952,3.62948669163643e-06,3.62948669163643e-06
60,27.45655059814453,27.456546922587297,3.6755572345725795e-06,3.6755572345725795e-06
61,27.687477111816406,27.687471937773715,5.1740426911806026e-06,5.1740426911806026e-06
62,27.956565856933594,27.956562851211725,3.0057218687318255e-06,3.0057218687318255e-06
63,28.176538467407227,28.17653558468575,2.8827214748616825e-06,2.8827214748616825e-06
64,28.3832950592041,28.383291951697537,3.1075065649588396e-06,3.1075065649588396e-06
65,28.40679931640625,28.406795516349643,3.8000566071616504e-06,3.8000566071616504e-06
66,28.614700317382812,28.614698020089985,2.297292827080355e-06,2.297292827080355e-06
67,28.631542205810547,28.631540311089193,1.8947213540343455e-06,1.8947213540343455e-06
68,29.014148712158203,29.014147331746983,1.380411219997768e-06,1.380411219997768e-06
69,29.128877639770508,29.128877236859253,4.0291125458224997e-07,4.0291125458224997e-07
70,29.38375473022461,29.38375225211863,2.4781059799749983e-06,2.4781059799749983e-06
71,29.681610107421875,29.681608287851006,1.8195708690882384e-06,1.8195708690882384e-06
72,29.915319442749023,29.91531898686911,4.5587991337470157e-07,4.5587991337470157e-07
73,30.307437896728516,30.30743490295632,2.993772195480915e-06,2.993772195480915e-06
74,30.436031341552734,30.4360308775513,4.640014346080079e-07,4.640014346080079e-07
75,30.716337203979492,30.716336503180404,7.007990880936177e-07,7.007990880936177e-07
76,30.82840347290039,30.828402270200378,1.202700012470359e-06,1.202700012470359e-06
77,31.30096435546875,31.300965386299392,-1.0308306421791258e-06,1.0308306421791258e-06
78,31.603139877319336,31.6031392459188,6.314005354113306e-07,6.314005354113306e-07
79,31.78465461730957,31.7846511282801,3.489029470671312e-06,3.489029470671312e-06
80,32.09412384033203,32.0941210952933,2.7450387278804556e-06,2.7450387278804556e-06
81,32.18111801147461,32.18111559725878,2.4142158281392767e-06,2.4142158281392767e-06
82,32.56888198852539,32.568879797297576,2.1912278143076946e-06,2.1912278143076946e-06
83,32.65473175048828,32.65473112468336,6.258049225493778e-07,6.258049225493778e-07
84,32.69614791870117,32.696144398507045,3.5201941273044213e-06,3.5201941273044213e-06
85,32.904788970947266,32.90478688899667,2.0819505976987784e-06,2.0819505976987784e-06
86,33.21202850341797,33.212027154179474,1.3492384951518943e-06,1.3492384951518943e-06
87,33.422786712646484,33.42278645210256,2.605439277658661e-07,2.605439277658661e-07
88,33.55076217651367,33.55076197349195,2.030217203241591e-07,2.030217203241591e-07
89,33.888492584228516,33.88848855628814,4.027940377682171e-06,4.027940377682171e-06
90,34.357391357421875,34.35738764123369,3.716188182067981e-06,3.716188182067981e-06
91,34.35329818725586,34.353295035154375,3.1521014847157858e-06,3.1521014847157858e-06
92,34.71672821044922,34.71672411864068,4.091808541772934e-06,4.091808541772934e-06
93,34.87062072753906,34.87061817044984,2.557089224808351e-06,2.557089224808351e-06
94,35.17789077758789,35.17788849771765,2.2798702374871027e-06,2.2798702374871027e-06
95,35.188232421875,35.18822644031653,5.98155847342241e-06,5.98155847342241e-06
96,35.36310577392578,35.3631036133429,2.1605828806059435e-06,2.1605828806059435e-06
97,35.464637756347656,35.464633406778844,4.34956881179005e-06,4.34956881179005e-06
98,35.614749908447266,35.61474515035555,4.758091712631085e-06,4.758091712631085e-06
99,35.703922271728516,35.703918693747895,3.5779806211166942e-06,3.5779806211166942e-06
100,35.941680908203125,35.94167634597993,4.5622231965580795e-06,4.5622231965580795e-06
101,36.26466369628906,36.2646586580291,5.0382599638965075e-06,5.0382599638965075e-06
102,36.411800384521484,36.411792083991145,8.30053033951117e-06,8.30053033951117e-06
103,36.58545684814453,36.58545170055029,5.147594244192533e-06,5.147594244192533e-06
104,36.66946792602539,36.669462739606445,5.186418945868354e-06,5.186418945868354e-06
105,36.96494674682617,36.96494292736891,3.8194572624661305e-06,3.8194572624661305e-06
106,37.215389251708984,37.215388543630695,7.080782893353899e-07,7.080782893353899e-07
107,37.25326919555664,37.253265134348716,4.061207924621613e-06,4.061207924621613e-06
108,37.5930061340332,37.593000390880135,5.743153067783169e-06,5.743153067783169e-06
109,37.66961669921875,37.66961415014324,2.549075510671628e-06,2.549075510671628e-06
110,37.7579460144043,37.75794559936397,4.1504032566308524e-07,4.1504032566308524e-07
111,37.805397033691406,37.80539110207077,5.931620634669343e-06,5.931620634669343e-06
112,37.880374908447266,37.88036846116238,6.447284889077309e-06,6.447284889077309e-06
113,38.037445068359375,38.037443085781106,1.982578268666657e-06,1.982578268666657e-06
114,38.27900695800781,38.2790007385238,6.219484014025056e-06,6.219484014025056e-06
115,38.399932861328125,38.39992872855849,4.132769632292366e-06,4.132769632292366e-06
116,38.569671630859375,38.569666768621026,4.862238348835035e-06,4.862238348835035e-06
117,38.73099899291992,38.73099198993634,7.002983579695865e-06,7.002983579695865e-06
118,39.0296516418457,39.0296465710077,5.070838000165168e-06,5.070838000165168e-06
119,39.432395935058594,39.43238729666504,8.638393552473644e-06,8.638393552473644e-06
120,39.51662826538086,39.51661870418595,9.561194907803383e-06,9.561194907803383e-06
121,39.880008697509766,39.88000144889455,7.2486152191686415e-06,7.2486152191686415e-06
122,40.2624397277832,40.26243098064654,8.747136661213517e-06,8.747136661213517e-06
123,40.46583938598633,40.46583154150393,7.844482396990315e-06,7.844482396990315e-06
124,40.730159759521484,40.73015516897347,4.590548016381035e-06,4.590548016381035e-06
125,40.74977111816406,40.74976626655415,4.851609915590416e-06,4.851609915590416e-06
126,40.97315216064453,40.973146989773824,5.170870707615904e-06,5.170870707615904e-06
127,41.10272979736328,41.10272598116521,3.8161980739914725e-06,3.8161980739914725e-06
128,41.26668930053711,41.26668226612208,7.034415027362684e-06,7.034415027362684e-06
129,41.49549102783203,41.49548685667615,4.171155879362232e-06,4.171155879362232e-06
130,41.76700210571289,41.766998816582216,3.2891306744886606e-06,3.2891306744886606e-06
131,41.93971633911133,41.939712001938254,4.337173074020484e-06,4.337173074020484e-06
132,42.35371017456055,42.353705762632515,4.4119280318000165e-06,4.4119280318000165e-06
133,42.581539154052734,42.5815358628354,3.2912173324461946e-06,3.2912173324461946e-06
134,42.737693786621094,42.737691486497596,2.300123497889217e-06,2.300123497889217e-06
135,42.950843811035156,42.95084252664252,1.2843926384675797e-06,1.2843926384675797e-06
136,43.11508560180664,43.11508363556479,1.966241853779138e-06,1.966241853779138e-06
137,43.19096374511719,43.19096292374668,8.213705058324194e-07,8.213705058324194e-07
138,43.407859802246094,43.40785420053674,5.6017093541527174e-06,5.6017093541527174e-06
139,43.66316604614258,43.6631662788138,-2.3267121918024714e-07,2.3267121918024714e-07
140,43.867794036865234,43.867793020865946,1.0159992882563529e-06,1.0159992882563529e-06
141,44.07073974609375,44.07073700207463,2.744019120370922e-06,2.744019120370922e-06
142,44.25433349609375,44.254330914249,2.5818447468850536e-06,2.5818447468850536e-06
143,44.497318267822266,44.49731221788526,6.049937006480377e-06,6.049937006480377e-06
144,44.554988861083984,44.55498678514308,2.0759409053994204e-06,2.0759409053994204e-06
145,44.823463439941406,44.823460492019365,2.947922041585116e-06,2.947922041585116e-06
146,44.91314697265625,44.91314317580324,3.7968530079979246e-06,3.7968530079979246e-06
147,45.10947799682617,45.109476643132865,1.3536933067825885e-06,1.3536933067825885e-06
148,45.34285354614258,45.34284927309503,4.273047551350828e-06,4.273047551350828e-06
149,45.529502868652344,45.52950214395804,7.246943027894304e-07,7.246943027894304e-07
150,45.56304931640625,45.56304573112438,3.5852818669468434e-06,3.5852818669468434e-06
151,45.73106002807617,45.73105533008411,4.6979920611534e-06,4.6979920611534e-06
152,45.92481994628906,45.924815109658184,4.836630878912729e-06,4.836630878912729e-06
153,46.17308044433594,46.17307319164786,7.252688078551728e-06,7.252688078551728e-06
154,46.37941360473633,46.379405511024984,8.093711343803989e-06,8.093711343803989e-06
155,46.59149169921875,46.59148586799376,5.831224989094608e-06,5.831224989094608e-06
156,46.850067138671875,46.850060744685244,6.393986630826021e-06,6.393986630826021e-06
157,46.95387649536133,46.95386937527014,7.120091190415678e-06,7.120091190415678e-06
158,47.06501007080078,47.065002689025405,7.38177537584761e-06,7.38177537584761e-06
159,47.22650146484375,47.22649107658335,1.0388260399452065e-05,1.0388260399452065e-05
160,47.41623306274414,47.416223686559235,9.376184905818263e-06,9.376184905818263e-06
161,47.693084716796875,47.69307514406241,9.57273446289264e-06,9.57273446289264e-06
162,47.782814025878906,47.78280726946375,6.756415153574835e-06,6.756415153574835e-06
163,47.87187194824219,47.87186344658088,8.501661305615471e-06,8.501661305615471e-06
164,48.095298767089844,48.09528949223851,9.274851336726897e-06,9.274851336726897e-06
165,48.222415924072266,48.22241141360845,4.510463817553045e-06,4.510463817553045e-06
166,48.364498138427734,48.36449525680727,2.88162046757634e-06,2.88162046757634e-06
167,48.57263946533203,48.572636049998025,3.415334006717785e-06,3.415334006717785e-06
168,48.68183517456055,48.68183210157378,3.0729867646073217e-06,3.0729867646073217e-06
169,48.782127380371094,48.7821201306241,7.249746992954442e-06,7.249746992954442e-06
170,48.919864654541016,48.91986153096774,3.123573279140146e-06,3.123573279140146e-06
171,49.04656982421875,49.04656809420188,1.7300168693168416e-06,1.7300168693168416e-06
172,49.14960861206055,49.14960640448564,2.207574908652532e-06,2.207574908652532e-06
173,49.37689971923828,49.37689454774161,5.171496674449827e-06,5.171496674449827e-06
174,49.49583435058594,49.49583359438828,7.56197657381108e-07,7.56197657381108e-07
175,49.65812683105469,49.658122454752686,4.376302001674048e-06,4.376302001674048e-06
176,49.82548522949219,49.825480584453565,4.645038622186348e-06,4.645038622186348e-06
177,49.83534240722656,49.83533708067116,5.326555402973554e-06,5.326555402973554e-06
178,50.01878356933594,50.01878114509921,2.424236726028539e-06,2.424236726028539e-06
179,50.292274475097656,50.29227225916461,2.21593304416956e-06,2.21593304416956e-06
180,50.44646453857422,50.44645839783427,6.140739948534701e-06,6.140739948534701e-06
181,50.540992736816406,50.540991746500964,9.903154420953797e-07,9.903154420953797e-07
182,50.79773712158203,50.79773216930367,4.952278359837692e-06,4.952278359837692e-06
183,50.97218322753906,50.972186830524386,-3.6029853234254006e-06,3.6029853234254006e-06
184,51.20454025268555,51.204540622364576,-3.6967902872220293e-07,3.6967902872220293e-07
185,51.37459945678711,51.374599528985634,-7.219852449225073e-08,7.219852449225073e-08
186,51.57491683959961,51.574917276480875,-4.3688126538654615e-07,4.3688126538654615e-07
187,51.83866882324219,51.83867020706177,-1.3838195798143715e-06,1.3838195798143715e-06
188,52.04124069213867,52.04123995608464,7.360540337231214e-07,7.360540337231214e-07
189,52.221675872802734,52.221672308579286,3.564223447938275e-06,3.564223447938275e-06
190,52.32162857055664,52.32162883887507,-2.6831843058516824e-07,2.6831843058516824e-07
191,52.517051696777344,52.51705209770649,-4.0092914588285566e-07,4.0092914588285566e-07
192,52.63650131225586,52.6364986877379,2.6245179611805725e-06,2.6245179611805725e-06
193,52.95232009887695,52.95232062572503,-5.268480762765648e-07,5.268480762765648e-07
194,53.128273010253906,53.128277857607614,-4.847353707759794e-06,4.847353707759794e-06
195,53.217857360839844,53.21785889181,-1.5309701595356273e-06,1.5309701595356273e-06
196,53.49089431762695,53.490898544948955,-4.227322001781886e-06,4.227322001781886e-06
197,53.605464935302734,53.605467243942726,-2.308639992065764e-06,2.308639992065764e-06
198,53.63560104370117,53.635605076593684,-4.032892512384478e-06,4.032892512384478e-06
199,53.70647430419922,53.70648331300774,-9.008808518728983e-06,9.008808518728983e-06
200,53.85844421386719,53.85845071785322,-6.503986035966136e-06,6.503986035966136e-06
201,53.97492599487305,53.97493098453927,-4.989666223309541e-06,4.989666223309541e-06
202,54.15739440917969,54.15739951098868,-5.101808994822932e-06,5.101808994822932e-06
203,54.288536071777344,54.28853920594844,-3.1341710950982815e-06,3.1341710950982815e-06
204,54.29925537109375,54.29926084893457,-5.4778408227207365e-06,5.4778408227207365e-06
205,54.42588424682617,54.42588556657061,-1.3197444346246812e-06,1.3197444346246812e-06
206,54.703670501708984,54.70367465837851,-4.156669525912093e-06,4.156669525912093e-06
207,54.81845474243164,54.81845494673379,-2.0430214675570824e-07,2.0430214675570824e-07
208,54.92243576049805,54.92243494130458,8.191934668388967e-07,8.191934668388967e-07
209,55.06059646606445,55.060597622993306,-1.1569288531632083e-06,1.1569288531632083e-06
210,55.327945709228516,55.3279436450042,2.0642243185875486e-06,2.0642243185875486e-06
211,55.41081237792969,55.41080812892108,4.249008604517712e-06,4.249008604517712e-06
212,55.61370849609375,55.61371447389872,-5.977804967471911e-06,5.977804967471911e-06
213,55.7150764465332,55.7150780816255,-1.6350922962260483e-06,1.6350922962260483e-06
214,55.83711242675781,55.837116598387006,-4.1716291931948035e-06,4.1716291931948035e-06
215,55.957035064697266,55.95704142932242,-6.3646251575733e-06,6.3646251575733e-06
216,56.15870666503906,56.15870726444318,-5.994041174517406e-07,5.994041174517406e-07
217,56.34754180908203,56.347546377174524,-4.568092492718279e-06,4.568092492718279e-06
218,56.56953811645508,56.56954296802166,-4.851566579588962e-06,4.851566579588962e-06
219,56.790260314941406,56.79026111650873,-8.015673245154176e-07,8.015673245154176e-07
220,57.08879089355469,57.08880169651878,-1.080296409128323e-05,1.080296409128323e-05
221,57.237369537353516,57.237376508794995,-6.971441479208806e-06,6.971441479208806e-06
222,57.20024871826172,57.20025459578892,-5.877527200937038e-06,5.877527200937038e-06
223,57.3052864074707,57.30529635921564,-9.951744935676743e-06,9.951744935676743e-06
224,57.393653869628906,57.393656801930156,-2.932301249813918e-06,2.932301249813918e-06
225,57.515995025634766,57.51600169394609,-6.668311321789133e-06,6.668311321789133e-06
226,57.74044418334961,57.74045614701714,-1.1963667532199906e-05,1.1963667532199906e-05
227,57.8431282043457,57.84313733538928,-9.131043576360298e-06,9.131043576360298e-06
228,57.92910385131836,57.92911347541139,-9.62409303184586e-06,9.62409303184586e-06
229,58.106285095214844,58.10629384976651,-8.754551664935661e-06,8.754551664935661e-06
230,58.29773712158203,58.29774496943014,-7.847848110031919e-06,7.847848110031919e-06
231,58.422786712646484,58.422790938937275,-4.226290791109477e-06,4.226290791109477e-06
232,58.59348678588867,58.59349608200198,-9.296113304912978e-06,9.296113304912978e-06
233,58.769874572753906,58.76988277807308,-8.205319176113335e-06,8.205319176113335e-06
234,58.93687438964844,58.936881851803285,-7.4621548478148725e-06,7.4621548478148725e-06
235,59.038448333740234,59.03845329597428,-4.962234044114666e-06,4.962234044114666e-06
236,59.230743408203125,59.23075204074176,-8.632538637698417e-06,8.632538637698417e-06
237,59.214630126953125,59.214639341688134,-9.214735008811203e-06,9.214735008811203e-06
238,59.39796447753906,59.39797643989962,-1.196236055989175e-05,1.196236055989175e-05
239,59.566471099853516,59.56648144667485,-1.0346821333939715e-05,1.0346821333939715e-05
240,59.84809875488281,59.84810924158121,-1.0486698400313799e-05,1.0486698400313799e-05
241,60.0062141418457,60.006225207889806,-1.1066044102392425e-05,1.1066044102392425e-05
242,60.153621673583984,60.1536310536735,-9.380089515786949e-06,9.380089515786949e-06
243,60.37511444091797,60.37512789304533,-1.345212736225676e-05,1.345212736225676e-05
244,60.56456756591797,60.564575709054694,-8.14313672492517e-06,8.14313672492517e-06
245,60.70335388183594,60.703365035242086,-1.1153406148878275e-05,1.1153406148878275e-05
246,60.84084701538086,60.840858347517596,-1.1332136736541543e-05,1.1332136736541543e-05
247,60.98904037475586,60.98905312593425,-1.2751178388725748e-05,1.2751178388725748e-05
248,61.05504608154297,61.055057875059624,-1.1793516655700387e-05,1.1793516655700387e-05
249,61.277339935302734,61.277352410971446,-1.2475668711431354e-05,1.2475668711431354e-05
250,61.37912368774414,61.3791333892895,-9.701545359064312e-06,9.701545359064312e-06
251,61.497318267822266,61.49732707973908,-8.811916814011056e-06,8.811916814011056e-06
252,61.681758880615234,61.6817707759581,-1.1895342865386738e-05,1.1895342865386738e-05
253,61.79276657104492,61.79277099183722,-4.420792301118581e-06,4.420792301118581e-06
254,61.923553466796875,61.92355812087888,-4.654082005117743e-06,4.654082005117743e-06
255,62.163700103759766,62.16370121472554,-1.1109657762631286e-06,1.1109657762631286e-06
256,62.25850296020508,62.25850671149074,-3.751285660769099e-06,3.751285660769099e-06
257,62.38055419921875,62.38055614279385,-1.943575099971895e-06,1.943575099971895e-06
258,62.61777877807617,62.61777989809096,-1.120014786692991e-06,1.120014786692991e-06
259,62.73175811767578,62.73175327306648,4.844609300391767e-06,4.844609300391767e-06
260,62.83161926269531,62.83161383114006,5.431555251789177e-06,5.431555251789177e-06
261,62.985313415527344,62.98531339236925,2.3158094109021476e-08,2.3158094109021476e-08
262,63.162384033203125,63.16237837772088,5.6554822478460665e-06,5.6554822478460665e-06
263,63.25544738769531,63.25544696446413,4.2323118520926073e-07,4.2323118520926073e-07
264,63.38247299194336,63.382473582597555,-5.906541957756417e-07,5.906541957756417e-07
265,63.51035690307617,63.510359910545695,-3.0074695231974147e-06,3.0074695231974147e-06
266,63.5827522277832,63.58275447631415,-2.248530947213112e-06,2.248530947213112e-06
267,63.719886779785156,63.71989353584466,-6.756059505619305e-06,6.756059505619305e-06
268,63.96668243408203,63.96668990839081,-7.474308780786032e-06,7.474308780786032e-06
269,64.16018676757812,64.16018990186842,-3.1342902957476326e-06,3.1342902957476326e-06
270,64.24765014648438,64.24765286669486,-2.7202104888601752e-06,2.7202104888601752e-06
271,64.40581512451172,64.40581513610599,-1.159426687991072e-08,1.159426687991072e-08
272,64.52468872070312,64.52469107347015,-2.3527670265366396e-06,2.3527670265366396e-06
273,64.6489486694336,64.64894496372209,3.7057115065408652e-06,3.7057115065408652e-06
274,64.84046936035156,64.8404754872666,-6.126915039317282e-06,6.126915039317282e-06
275,65.014404296875,65.01440917893876,-4.882063763034239e-06,4.882063763034239e-06
276,65.20893096923828,65.20893130310607,-3.338677885267316e-07,3.338677885267316e-07
277,65.37277221679688,65.37277698375873,-4.766961851032647e-06,4.766961851032647e-06
278,65.45501708984375,65.45502630574694,-9.215903190806785e-06,9.215903190806785e-06
279,65.55693054199219,65.55693237089486,-1.828902668421506e-06,1.828902668421506e-06
280,65.61267852783203,65.61268602066109,-7.492829055877337e-06,7.492829055877337e-06
281,65.7864761352539,65.78648197142688,-5.836172974227338e-06,5.836172974227338e-06
282,66.00758361816406,66.00758529084372,-1.6726796587818171e-06,1.6726796587818171e-06
283,66.03707885742188,66.03708372607478,-4.868652908385229e-06,4.868652908385229e-06
284,66.17571258544922,66.17571907433508,-6.488885858857429e-06,6.488885858857429e-06
285,66.3419189453125,66.34192602929413,-7.083981628852598e-06,7.083981628852598e-06
286,66.461181640625,66.4611881602134,-6.519588396258769e-06,6.519588396258769e-06
287,66.54166412353516,66.54167453526816,-1.0411733001092216e-05,1.0411733001092216e-05
288,66.61024475097656,66.61025205866541,-7.307688846935889e-06,7.307688846935889e-06
289,66.82489776611328,66.82490300841758,-5.242304297325973e-06,5.242304297325973e-06
290,66.9443130493164,66.94431842607406,-5.376757655994879e-06,5.376757655994879e-06
291,67.15225982666016,67.15225747338859,2.353271568722448e-06,2.353271568722448e-06
292,67.24363708496094,67.24364202390001,-4.938939071053028e-06,4.938939071053028e-06
293,67.45758819580078,67.45758753701229,6.587884939790456e-07,6.587884939790456e-07
294,67.62393188476562,67.623937067505,-5.182739371889511e-06,5.182739371889511e-06
295,67.7577133178711,67.75771374892011,-4.310490169245895e-07,4.310490169245895e-07
296,67.96306610107422,67.9630689908453,-2.889771081981962e-06,2.889771081981962e-06
297,68.0718002319336,68.07180947331786,-9.241384262281827e-06,9.241384262281827e-06
298,68.18077087402344,68.1807810837323,-1.0209708861452782e-05,1.0209708861452782e-05
299,68.31207275390625,68.3120790435106,-6.289604343123756e-06,6.289604343123756e-06
300,68.4374008178711,68.43741036976252,-9.551891423598136e-06,9.551891423598136e-06
301,68.55964660644531,68.55965163929956,-5.0328542471334e-06,5.0328542471334e-06
302,68.67967224121094,68.67967511339054,-2.872179607038561e-06,2.872179607038561e-06
303,68.75751495361328,68.75752342360974,-8.46999645887081e-06,8.46999645887081e-06
304,68.94853973388672,68.94854462090417,-4.887017453825138e-06,4.887017453825138e-06
305,69.02751922607422,69.02752433585127,-5.109777049483455e-06,5.109777049483455e-06
306,69.11146545410156,69.11147891388796,-1.3459786401881502e-05,1.3459786401881502e-05
307,69.18883514404297,69.1888413988042,-6.254761231616612e-06,6.254761231616612e-06
308,69.4227066040039,69.42271020593779,-3.601933883601305e-06,3.601933883601305e-06
309,69.58802032470703,69.58803066329378,-1.0338586747593581e-05,1.0338586747593581e-05
310,69.75591278076172,69.75591499755336,-2.2167916426951706e-06,2.2167916426951706e-06
311,69.76495361328125,69.76495741396022,-3.800678967991189e-06,3.800678967991189e-06
312,69.87218475341797,69.87219139923266,-6.645814693229113e-06,6.645814693229113e-06
313,70.07403564453125,70.07404443510242,-8.790571172312411e-06,8.790571172312411e-06
314,70.28987121582031,70.289875036763,-3.820942680476946e-06,3.820942680476946e-06
315,70.29661560058594,70.29661951631908,-3.915733145731792e-06,3.915733145731792e-06
316,70.28368377685547,70.2836837383201,3.853537577924726e-08,3.853537577924726e-08
317,70.33029174804688,70.33028757043522,4.177611657496527e-06,4.177611657496527e-06
318,70.37673950195312,70.37673561193458,3.8900185472812154e-06,3.8900185472812154e-06
319,70.55220794677734,70.55220056018062,7.386596720948546e-06,7.386596720948546e-06
320,70.7102279663086,70.71022378451082,4.181797777391694e-06,4.181797777391694e-06
321,70.9486312866211,70.94862241646081,8.870160286278406e-06,8.870160286278406e-06
322,71.09043884277344,71.09043427326004,4.5695133934486876e-06,4.5695133934486876e-06
323,71.19934844970703,71.1993456730627,2.7766443366772364e-06,2.7766443366772364e-06
324,71.42701721191406,71.42701222880571,4.983108354394972e-06,4.983108354394972e-06
325,71.60363006591797,71.60362346729673,6.598621240527791e-06,6.598621240527791e-06
326,71.77571868896484,71.77571434427881,4.34468603316418e-06,4.34468603316418e-06
327,71.9698715209961,71.96986438067877,7.140317322296141e-06,7.140317322296141e-06
328,72.08610534667969,72.08609965741672,5.689262962960129e-06,5.689262962960129e-06
329,72.23714447021484,72.23713779721317,6.673001678336732e-06,6.673001678336732e-06
330,72.43142700195312,72.43141663816279,1.0363790337919454e-05,1.0363790337919454e-05
331,72.44281005859375,72.44279839122696,1.1667366791812128e-05,1.1667366791812128e-05
332,72.57266235351562,72.57264642735153,1.5926164095958484e-05,1.5926164095958484e-05
333,72.64921569824219,72.64920718289376,8.515348426385572e-06,8.515348426385572e-06
334,72.72403717041016,72.72402388992175,1.3280488403211166e-05,1.3280488403211166e-05
335,72.80638885498047,72.80637072405727,1.8130923194803472e-05,1.8130923194803472e-05
336,72.9568099975586,72.95679081517795,1.9182380640359042e-05,1.9182380640359042e-05
337,73.08447265625,73.08445942746982,1.3228780176177679e-05,1.3228780176177679e-05
338,73.14639282226562,73.14637351465211,1.9307613513319666e-05,1.9307613513319666e-05
339,73.30999755859375,73.30998089056415,1.6668029601873968e-05,1.6668029601873968e-05
340,73.46747589111328,73.46745319617986,2.2694933420552843e-05,2.2694933420552843e-05
341,73.62406921386719,73.62405663040907,1.2583458115500434e-05,1.2583458115500434e-05
342,73.77385711669922,73.77384605847789,1.1058221332405083e-05,1.1058221332405083e-05
343,73.97432708740234,73.97431119763779,1.5889764554799513e-05,1.5889764554799513e-05
344,74.0625228881836,74.06250776054438,1.5127639215961608e-05,1.5127639215961608e-05
345,74.15514373779297,74.15512493344268,1.8804350290224647e-05,1.8804350290224647e-05
346,74.32667541503906,74.32666120139783,1.421364123643798e-05,1.421364123643798e-05
347,74.49012756347656,74.49011207105082,1.5492425745833316e-05,1.5492425745833316e-05
348,74.68334197998047,74.68333027211594,1.1707864530308143e-05,1.1707864530308143e-05
349,74.81034851074219,74.81033453441026,1.3976331928233776e-05,1.3976331928233776e-05
350,74.97356414794922,74.97355329112719,1.0856822029836621e-05,1.0856822029836621e-05
351,75.1671142578125,75.16710807506853,6.182743973681681e-06,6.182743973681681e-06
352,75.2530746459961,75.25306616214925,8.483846841045306e-06,8.483846841045306e-06
353,75.48381042480469,75.4837985483331,1.1876471589289395e-05,1.1876471589289395e-05
354,75.56822967529297,75.56821430136752,1.537392545003513e-05,1.537392545003513e-05
355,75.59976959228516,75.59975366711058,1.592517457993381e-05,1.592517457993381e-05
356,75.71973419189453,75.7197250481203,9.143774235553792e-06,9.143774235553792e-06
357,75.85882568359375,75.85881425405904,1.1429534708895517e-05,1.1429534708895517e-05
358,75.9460678100586,75.94605890027987,8.909778728138917e-06,8.909778728138917e-06
359,76.01393127441406,76.01392305940442,8.21500964320876e-06,8.21500964320876e-06
360,76.10194396972656,76.10193416827583,9.801450730151373e-06,9.801450730151373e-06
361,76.29425048828125,76.29423430281216,1.618546909298857e-05,1.618546909298857e-05
362,76.29918670654297,76.29918272568088,3.980862089747461e-06,3.980862089747461e-06
363,76.30491638183594,76.3049053564286,1.1025407331999304e-05,1.1025407331999304e-05
364,76.35719299316406,76.35718042354765,1.256961641615817e-05,1.256961641615817e-05
365,76.54637145996094,76.54636034064686,1.111931408104283e-05,1.111931408104283e-05
366,76.72512817382812,76.72510997877392,1.8195054209968475e-05,1.8195054209968475e-05
367,76.80333709716797,76.80332292151073,1.4175657241821682e-05,1.4175657241821682e-05
368,76.93289184570312,76.93288219592975,9.649773375031145e-06,9.649773375031145e-06
369,77.09565734863281,77.09564839735593,8.951276882385173e-06,8.951276882385173e-06
370,77.25033569335938,77.25032343961306,1.2253746319856873e-05,1.2253746319856873e-05
371,77.40760040283203,77.40758309195544,1.7310876586407176e-05,1.7310876586407176e-05
372,77.54551696777344,77.54550358511081,1.3382662629624065e-05,1.3382662629624065e-05
373,77.6907730102539,77.69076335580245,9.654451460505697e-06,9.654451460505697e-06
374,77.73462677001953,77.7346114836097,1.52864098339478e-05,1.52864098339478e-05
375,77.98225402832031,77.98223910734488,1.4920975431209627e-05,1.4920975431209627e-05
376,78.09799194335938,78.0979741797789,1.7763580473229013e-05,1.7763580473229013e-05
377,78.25238800048828,78.25237501847285,1.2982015434204186e-05,1.2982015434204186e-05
378,78.30082702636719,78.30081341792085,1.3608446337798341e-05,1.3608446337798341e-05
379,78.40621185302734,78.40619607676012,1.5776267218825524e-05,1.5776267218825524e-05
380,78.57550048828125,78.57548869669614,1.1791585109222069e-05,1.1791585109222069e-05
381,78.70994567871094,78.7099348834362,1.0795274732799953e-05,1.0795274732799953e-05
382,78.85089874267578,78.8508851642338,1.357844197968916e-05,1.357844197968916e-05
383,78.90265655517578,78.9026480796093,8.475566474430707e-06,8.475566474430707e-06
384,79.05662536621094,79.05660658039086,1.878582007464047e-05,1.878582007464047e-05
385,79.15357971191406,79.15356441690776,1.5295006306814685e-05,1.5295006306814685e-05
386,79.1854248046875,79.18540722600696,1.757868054141909e-05,1.757868054141909e-05
387,79.34663391113281,79.34661387490075,2.003623205837357e-05,2.003623205837357e-05
388,79.47342681884766,79.47340311821083,2.3700636830881194e-05,2.3700636830881194e-05
389,79.55781555175781,79.55779947594394,1.6075813874749656e-05,1.6075813874749656e-05
390,79.69921112060547,79.69918504930132,2.607130414844505e-05,2.607130414844505e-05
391,79.72019958496094,79.72017952943816,2.0055522782058688e-05,2.0055522782058688e-05
392,79.9631576538086,79.96313574716254,2.1906646054503653e-05,2.1906646054503653e-05
393,79.95600128173828,79.95597940163066,2.1880107624383527e-05,2.1880107624383527e-05
394,80.10018157958984,80.10015845392671,2.3125663133782837e-05,2.3125663133782837e-05
395,80.21312713623047,80.21310815457164,1.8981658826078274e-05,1.8981658826078274e-05
396,80.2725830078125,80.2725618924733,2.1115339194466287e-05,2.1115339194466287e-05
397,80.41683959960938,80.41680902318242,3.057642695125651e-05,3.057642695125651e-05
398,80.51970672607422,80.51968432560022,2.2400473994821368e-05,2.2400473994821368e-05
399,80.73069763183594,80.73067583145766,2.1800378277703203e-05,2.1800378277703203e-05
400,80.79457092285156,80.79453592466626,3.49981852991732e-05,3.49981852991732e-05
401,80.7713851928711,80.77135265179646,3.2541074631353695e-05,3.2541074631353695e-05
402,80.70468139648438,80.70465364156699,2.775491738304936e-05,2.775491738304936e-05
403,80.54859161376953,80.5485663266716,2.5287097926707247e-05,2.5287097926707247e-05
404,80.44124603271484,80.44121267415895,3.33585558962568e-05,3.33585558962568e-05
405,80.29427337646484,80.29424131385173,3.20626131156132e-05,3.20626131156132e-05
406,80.08708190917969,80.08704401796935,3.7891210340035286e-05,3.7891210340035286e-05
407,80.09761810302734,80.09757487599849,4.322702885417584e-05,4.322702885417584e-05
408,80.08944702148438,80.08941083645858,3.6185025791724e-05,3.6185025791724e-05
409,80.00228118896484,80.00224626775446,3.4921210385618906e-05,3.4921210385618906e-05
410,79.82901000976562,79.82897394287475,3.60668908712114e-05,3.60668908712114e-05
411,79.76323699951172,79.76320779807989,2.9201431829051216e-05,2.9201431829051216e-05
412,79.61482238769531,79.61478386586526,3.852183004937615e-05,3.852183004937615e-05
413,79.55438232421875,79.55434987835827,3.244586048367637e-05,3.244586048367637e-05
414,79.5091781616211,79.50914558970179,3.2571919305723895e-05,3.2571919305723895e-05
415,79.42681884765625,79.42678720060775,3.164704850178168e-05,3.164704850178168e-05
416,79.3305435180664,79.33051369668269,2.9821383719763617e-05,2.9821383719763617e-05
417,79.29768371582031,79.29764924731253,3.4468507777773993e-05,3.4468507777773993e-05
418,79.26476287841797,79.26472940432822,3.347408974718746e-05,3.347408974718746e-05
419,79.1964111328125,79.19637394591103,3.718690146570225e-05,3.718690146570225e-05
420,79.09837341308594,79.09833387447199,3.953861394734304e-05,3.953861394734304e-05
421,79.05892181396484,79.05888187411777,3.993984707051368e-05,3.993984707051368e-05
422,78.97933959960938,78.97931079440879,2.8805200585679813e-05,2.8805200585679813e-05
423,78.96839141845703,78.96836662500365,2.4793453377469632e-05,2.4793453377469632e-05
424,78.80827331542969,78.80824499606048,2.831936920699718e-05,2.831936920699718e-05
425,78.71406555175781,78.71403948439917,2.6067358646741923e-05,2.6067358646741923e-05
426,78.68497467041016,78.68495316928075,2.1501129410239628e-05,2.1501129410239628e-05
427,78.55831146240234,78.55828880756582,2.265483652763578e-05,2.265483652763578e-05
428,78.37561798095703,78.3756002255567,1.775540033577272e-05,1.775540033577272e-05
429,78.31822967529297,78.31821391809504,1.575719792867858e-05,1.575719792867858e-05
430,78.19786834716797,78.19784806076936,2.0286398608959644e-05,2.0286398608959644e-05
431,78.08368682861328,78.08366557522086,2.125339241842994e-05,2.125339241842994e-05
432,78.0382308959961,78.0382152833754,1.5612620700267144e-05,1.5612620700267144e-05
433,78.06609344482422,78.06607295643983,2.04883843935022e-05,2.04883843935022e-05
434,77.98179626464844,77.98177180138983,2.446325861171772e-05,2.446325861171772e-05
435,77.94671630859375,77.94669452583655,2.178275720154943e-05,2.178275720154943e-05
436,77.74551391601562,77.74548718770109,2.6728314537649567e-05,2.6728314537649567e-05
437,77.66465759277344,77.66463447526581,2.3117507623737765e-05,2.3117507623737765e-05
438,77.48518371582031,77.48516035727637,2.335854394175385e-05,2.335854394175385e-05
439,77.30815887451172,77.3081375871079,2.128740382545402e-05,2.128740382545402e-05
440,77.29949951171875,77.29947574941204,2.3762306710750636e-05,2.3762306710750636e-05
441,77.25271606445312,77.25269102568224,2.503877088599893e-05,2.503877088599893e-05
442,77.19959259033203,77.19956640458666,2.6185745369389224e-05,2.6185745369389224e-05
443,77.08692169189453,77.08689659512709,2.5096767444665602e-05,2.5096767444665602e-05
444,76.93437194824219,76.93434354842697,2.8399815221291647e-05,2.8399815221291647e-05
445,76.87423706054688,76.87421478941205,2.2271134824336514e-05,2.2271134824336514e-05
446,76.7306137084961,76.73059324476871,2.0463727381070385e-05,2.0463727381070385e-05
447,76.77789306640625,76.77786562322449,2.7443181764397195e-05,2.7443181764397195e-05
448,76.69966888427734,76.69964150551324,2.7378764102081732e-05,2.7378764102081732e-05
449,76.63447570800781,76.63445178193979,2.3926068024593405e-05,2.3926068024593405e-05
450,76.4680404663086,76.46801616240401,2.430390458130205e-05,2.430390458130205e-05
451,76.41429901123047,76.41427144245499,2.7568775479380747e-05,2.7568775479380747e-05
452,76.39376068115234,76.39372734024894,3.3340903399903254e-05,3.3340903399903254e-05
453,76.32943725585938,76.32940559125839,3.1664600982139746e-05,3.1664600982139746e-05
454,76.25165557861328,76.25162815511234,2.742350093853929e-05,2.742350093853929e-05
455,76.25469207763672,76.25466334828599,2.8729350731282466e-05,2.8729350731282466e-05
456,76.21275329589844,76.2127249707512,2.83251472410484e-05,2.83251472410484e-05
457,76.1665267944336,76.16650452160602,2.2272827578717624e-05,2.2272827578717624e-05
458,76.14350128173828,76.14347516274685,2.6118991428347726e-05,2.6118991428347726e-05
459,76.08216094970703,76.0821340206235,2.692908353196799e-05,2.692908353196799e-05
460,76.169921875,76.16989346228883,2.841271117404176e-05,2.841271117404176e-05
461,76.10938262939453,76.10935730940574,2.531998879362618e-05,2.531998879362618e-05
462,76.08747100830078,76.08744240023746,2.8608063317392407e-05,2.8608063317392407e-05
463,76.05741882324219,76.05739352855072,2.5294691468502606e-05,2.5294691468502606e-05
464,76.01703643798828,76.01700988099498,2.6556993304893695e-05,2.6556993304893695e-05
465,75.9947509765625,75.99471905175193,3.192481057112673e-05,3.192481057112673e-05
466,75.93534851074219,75.93532581003888,2.270070331178431e-05,2.270070331178431e-05
467,75.75534057617188,75.75531002950535,3.054666652246851e-05,3.054666652246851e-05
468,75.63569641113281,75.63567122593408,2.5185198737176506e-05,2.5185198737176506e-05
469,75.68228912353516,75.68226952203507,1.9601500085286716e-05,1.9601500085286716e-05
470,75.70671844482422,75.70668713717602,3.130764820014065e-05,3.130764820014065e-05
471,75.6242446899414,75.62421452343624,3.0166505169404445e-05,3.0166505169404445e-05
472,75.41548156738281,75.41545142683766,3.0140545149492937e-05,3.0140545149492937e-05
473,75.29942321777344,75.29939488024424,2.8337529201394318e-05,2.8337529201394318e-05
474,75.14446258544922,75.14443305351215,2.9531937073556946e-05,2.9531937073556946e-05
475,74.98078918457031,74.98076104683626,2.8137734048527818e-05,2.8137734048527818e-05
476,74.95550537109375,74.95547596755696,2.9403536785821416e-05,2.9403536785821416e-05
477,74.88710021972656,74.88707488328166,2.5336444906542965e-05,2.5336444906542965e-05
478,74.88780975341797,74.8877797818345,2.9971583472843122e-05,2.9971583472843122e-05
479,74.74385070800781,74.7438211382899,2.9569717909794235e-05,2.9569717909794235e-05
480,74.6170654296875,74.61703728033112,2.814935638184579e-05,2.814935638184579e-05
481,74.57672882080078,74.57669947590712,2.934489366168691e-05,2.934489366168691e-05
482,74.5634765625,74.56344960511225,2.695738774605161e-05,2.695738774605161e-05
483,74.48088836669922,74.48086468046442,2.368623479753751e-05,2.368623479753751e-05
484,74.35726165771484,74.35723801533796,2.364237688823323e-05,2.364237688823323e-05
485,74.38098907470703,74.38096313530346,2.5939403570873765e-05,2.5939403570873765e-05
486,74.39598083496094,74.39595916496532,2.1669995618367466e-05,2.1669995618367466e-05
487,74.37842559814453,74.378402616557,2.2981587534331993e-05,2.2981587534331993e-05
488,74.34839630126953,74.3483690796744,2.722159513268707e-05,2.722159513268707e-05
489,74.2140121459961,74.21398327709974,2.88688963507866e-05,2.88688963507866e-05
490,74.03656768798828,74.03654504455152,2.2643436764724356e-05,2.2643436764724356e-05
491,74.07528686523438,74.07525369376727,3.317146710912766e-05,3.317146710912766e-05
492,74.01932525634766,74.01929755474652,2.770160114096143e-05,2.770160114096143e-05
493,73.9052734375,73.90524170521206,3.173228793684757e-05,3.173228793684757e-05
494,73.91329956054688,73.91326755618749,3.200435938310875e-05,3.200435938310875e-05
495,73.81060791015625,73.81057795597587,2.9954180376989825e-05,2.9954180376989825e-05
496,73.71621704101562,73.71618916348349,2.7877532133402383e-05,2.7877532133402383e-05
497,73.66883087158203,73.6688055292423,2.5342339725398233e-05,2.5342339725398233e-05
498,73.52651977539062,73.52649273355777,2.7041832851182335e-05,2.7041832851182335e-05
499,73.43070220947266,73.43067330710761,2.8902365045269107e-05,2.8902365045269107e-05
500,73.30632781982422,73.30629154595093,3.6273873291747805e-05,3.6273873291747805e-05
501,73.2975845336914,73.29755449436163,3.0039329772080237e-05,3.0039329772080237e-05
502,73.24544525146484,73.24542067239493,2.457906991537584e-05,2.457906991537584e-05
503,73.16162109375,73.16159388497759,2.7208772408471305e-05,2.7208772408471305e-05
504,73.16095733642578,73.16092648839305,3.084803273623038e-05,3.084803273623038e-05
505,73.09004974365234,73.09002811223195,2.1631420395351597e-05,2.1631420395351597e-05
506,73.01066589355469,73.01064170970486,2.4183849831160842e-05,2.4183849831160842e-05
507,72.94947052001953,72.9494567695471,1.3750472433571304e-05,1.3750472433571304e-05
508,72.84843444824219,72.84842128125437,1.3166987812951447e-05,1.3166987812951447e-05
509,72.78370666503906,72.78368464915803,2.201588102934693e-05,2.201588102934693e-05
510,72.76402282714844,72.76400200562341,2.082152502680401e-05,2.082152502680401e-05
511,72.70718383789062,72.70717117058169,1.2667308936897825e-05,1.2667308936897825e-05
512,72.72342681884766,72.72340379256117,2.3026286484650882e-05,2.3026286484650882e-05
513,72.62612915039062,72.62611218282203,1.696756859814741e-05,1.696756859814741e-05
514,72.54365539550781,72.54364227856937,1.3116938447410575e-05,1.3116938447410575e-05
515,72.5455322265625,72.54552528136992,6.945192581042647e-06,6.945192581042647e-06
516,72.41758728027344,72.41757138061904,1.589965440018659e-05,1.589965440018659e-05
517,72.27957916259766,72.27956428821122,1.4874386437213616e-05,1.4874386437213616e-05
518,72.24667358398438,72.24665830956964,1.5274414735699793e-05,1.5274414735699793e-05
519,72.16020202636719,72.16018790371186,1.4122655329629197e-05,1.4122655329629197e-05
520,72.04489135742188,72.04487146975598,1.9887665899886997e-05,1.9887665899886997e-05
521,71.93247985839844,71.93246982214863,1.0036249804556974e-05,1.0036249804556974e-05
522,71.90791320800781,71.9078987623067,1.4445701111753806e-05,1.4445701111753806e-05
523,71.80809783935547,71.80808006332822,1.7776027249283288e-05,1.7776027249283288e-05
524,71.74144744873047,71.74142868374061,1.8764989860642345e-05,1.8764989860642345e-05
525,71.6371841430664,71.63717033579374,1.3807272665644632e-05,1.3807272665644632e-05
526,71.59513854980469,71.59512608539393,1.2464410758639133e-05,1.2464410758639133e-05
527,71.4974365234375,71.49741681514868,1.970828881781017e-05,1.970828881781017e-05
528,71.45655059814453,71.45653189008833,1.8708056202854095e-05,1.8708056202854095e-05
529,71.365234375,71.36522056253281,1.381246718779039e-05,1.381246718779039e-05
530,71.39600372314453,71.39598857184265,1.5151301880678147e-05,1.5151301880678147e-05
531,71.35318756103516,71.35316923531792,1.832571723525689e-05,1.832571723525689e-05
532,71.19583129882812,71.19581242921093,1.886961719321789e-05,1.886961719321789e-05
533,71.2026138305664,71.20260034705582,1.3483510585388103e-05,1.3483510585388103e-05
534,71.13624572753906,71.1362299937879,1.5733751169477728e-05,1.5733751169477728e-05
535,71.08534240722656,71.08533018372468,1.2223501883568133e-05,1.2223501883568133e-05
536,71.09323120117188,71.09321247540282,1.872576905270762e-05,1.872576905270762e-05
537,71.05162811279297,71.05161177686432,1.6335928648913978e-05,1.6335928648913978e-05
538,71.11888122558594,71.11886957995914,1.1645626798895137e-05,1.1645626798895137e-05
539,71.03057098388672,71.03055566801925,1.531586747205438e-05,1.531586747205438e-05
540,70.98673248291016,70.98671872039499,1.3762515166604317e-05,1.3762515166604317e-05
541,70.9492416381836,70.94922611067695,1.552750664757241e-05,1.552750664757241e-05
542,70.92784118652344,70.92782563197821,1.5554545228724237e-05,1.5554545228724237e-05
543,70.90855407714844,70.9085427330638,1.1344084640541041e-05,1.1344084640541041e-05
544,70.87521362304688,70.87519606129787,1.7561749004357807e-05,1.7561749004357807e-05
545,70.7520751953125,70.75205624294318,1.895236931659383e-05,1.895236931659383e-05
546,70.67079162597656,70.67077468041353,1.69455630327775e-05,1.69455630327775e-05
547,70.614013671875,70.61399778802675,1.5883848249131916e-05,1.5883848249131916e-05
548,70.52906799316406,70.52905543435584,1.255880822270683e-05,1.255880822270683e-05
549,70.48524475097656,70.48522866564343,1.6085333129467472e-05,1.6085333129467472e-05
550,70.38556671142578,70.38554629354148,2.041788430062752e-05,2.041788430062752e-05
551,70.37136840820312,70.371349587588,1.8820615125036966e-05,1.8820615125036966e-05
552,70.32230377197266,70.32228491779783,1.885417482583307e-05,1.885417482583307e-05
553,70.29041290283203,70.29039836074115,1.4542090880809155e-05,1.4542090880809155e-05
554,70.22022247314453,70.22020628093188,1.6192212655141702e-05,1.6192212655141702e-05
555,70.12724304199219,70.12722492718008,1.8114812107228317e-05,1.8114812107228317e-05
556,70.14136505126953,70.1413472255004,1.7825769134560687e-05,1.7825769134560687e-05
557,70.03973388671875,70.03971569123702,1.8195481729321727e-05,1.8195481729321727e-05
558,69.94141387939453,69.94140172581825,1.2153576278706169e-05,1.2153576278706169e-05
559,69.84906005859375,69.84904600198686,1.4056606886470036e-05,1.4056606886470036e-05
560,69.8817367553711,69.88172386243339,1.2892937704123142e-05,1.2892937704123142e-05
561,69.81861877441406,69.81860529737024,1.3477043822263113e-05,1.3477043822263113e-05
562,69.81617736816406,69.81616572205968,1.164610438308955e-05,1.164610438308955e-05
563,69.7074966430664,69.70748439950665,1.224355975182334e-05,1.224355975182334e-05
564,69.6290283203125,69.62901175523415,1.656507835434695e-05,1.656507835434695e-05
565,69.56390380859375,69.56389002640279,1.3782190961819651e-05,1.3782190961819651e-05
566,69.53953552246094,69.53951572429997,1.9798160963091505e-05,1.9798160963091505e-05
567,69.46757507324219,69.46756282542148,1.2247820706079438e-05,1.2247820706079438e-05
568,69.44538879394531,69.44538027207997,8.521865339616852e-06,8.521865339616852e-06
569,69.39441680908203,69.3943930072817,2.380180032446333e-05,2.380180032446333e-05
570,69.346923828125,69.3469071210799,1.6707045105590623e-05,1.6707045105590623e-05
571,69.39569091796875,69.3956692847683,2.1633200447013223e-05,2.1633200447013223e-05
572,69.3060302734375,69.30600969768459,2.0575752913032375e-05,2.0575752913032375e-05
573,69.29829406738281,69.29827637515223,1.7692230585453217e-05,1.7692230585453217e-05
574,69.29669952392578,69.29668821644215,1.1307483632094772e-05,1.1307483632094772e-05
575,69.32337951660156,69.3233684459128,1.107068875683126e-05,1.107068875683126e-05
576,69.28380584716797,69.28379409696052,1.1750207448812944e-05,1.1750207448812944e-05
577,69.24075317382812,69.24074418200073,8.9918273999956e-06,8.9918273999956e-06
578,69.19304656982422,69.19303288269651,1.3687127704997692e-05,1.3687127704997692e-05
579,69.17318725585938,69.1731776143419,9.641517479508366e-06,9.641517479508366e-06
580,69.14830017089844,69.1482859449082,1.4225990241811814e-05,1.4225990241811814e-05
581,69.07958221435547,69.07956989713286,1.2317222612523437e-05,1.2317222612523437e-05
582,69.06851959228516,69.06851486275364,4.729531511316054e-06,4.729531511316054e-06
583,69.04322052001953,69.04321130213563,9.21788389973699e-06,9.21788389973699e-06
584,69.02325439453125,69.02324690705902,7.487472231559877e-06,7.487472231559877e-06
585,69.10736083984375,69.10735407773998,6.762103765822758e-06,6.762103765822758e-06
586,69.06680297851562,69.06679545939456,7.519121069776702e-06,7.519121069776702e-06
587,68.987548828125,68.98754478661156,4.0415134350269e-06,4.0415134350269e-06
588,68.95441436767578,68.95441038650408,3.981171701639141e-06,3.981171701639141e-06
589,68.8876724243164,68.88766904250262,3.3818137836760798e-06,3.3818137836760798e-06
590,68.79634857177734,68.79634251855174,6.053225604318868e-06,6.053225604318868e-06
591,68.7245101928711,68.72450725200524,2.940865854839103e-06,2.940865854839103e-06
592,68.67668914794922,68.67668316647452,5.981474700433864e-06,5.981474700433864e-06
593,68.67122650146484,68.67122468852737,1.8129374694808575e-06,1.8129374694808575e-06
594,68.6357421875,68.63574667915611,-4.491656113714271e-06,4.491656113714271e-06
595,68.5426254272461,68.54262814894963,-2.7217035380999732e-06,2.7217035380999732e-06
596,68.48238372802734,68.48238170551892,2.0225084256253467e-06,2.0225084256253467e-06
597,68.35514831542969,68.3551462863871,2.0290425908342513e-06,2.0290425908342513e-06
598,68.29296875,68.29296739990102,1.3500989837211819e-06,1.3500989837211819e-06
599,68.17678833007812,68.17679160258211,-3.272503988682729e-06,3.272503988682729e-06
600,68.0569839477539,68.05699012038852,-6.172634613221817e-06,6.172634613221817e-06
601,68.05211639404297,68.05212098036507,-4.586322106092666e-06,4.586322106092666e-06
602,67.99176025390625,67.99176583755683,-5.583650576568289e-06,5.583650576568289e-06
603,67.9404067993164,67.9404037338732,3.0654432094934236e-06,3.0654432094934236e-06
604,67.91394805908203,67.91394258767163,5.47141040385668e-06,5.47141040385668e-06
605,67.84049987792969,67.84049534316365,4.534766034680615e-06,4.534766034680615e-06
606,67.77913665771484,67.77914065180016,-3.994085318481666e-06,3.994085318481666e-06
607,67.70034790039062,67.70034937088596,-1.4704953343880334e-06,1.4704953343880334e-06
608,67.63237762451172,67.63238260515362,-4.9806419042397465e-06,4.9806419042397465e-06
609,67.5307388305664,67.53073928985744,-4.592910300971198e-07,4.592910300971198e-07
610,67.51853942871094,67.51855227496029,-1.2846249347830963e-05,1.2846249347830963e-05
611,67.49825286865234,67.49825878300524,-5.914352897207209e-06,5.914352897207209e-06
612,67.40989685058594,67.40990322399472,-6.373408780291356e-06,6.373408780291356e-06
613,67.44623565673828,67.44624066339932,-5.00666104130687e-06,5.00666104130687e-06
614,67.38414764404297,67.38415263756785,-4.993524882479505e-06,4.993524882479505e-06
615,67.31973266601562,67.31973444777034,-1.7817547188769822e-06,1.7817547188769822e-06
616,67.19742584228516,67.19743107526126,-5.232976107549803e-06,5.232976107549803e-06
617,67.1495590209961,67.14957327380382,-1.4252807730485983e-05,1.4252807730485983e-05
618,67.05609893798828,67.05610865087709,-9.712888811463927e-06,9.712888811463927e-06
619,67.02388000488281,67.02388290201286,-2.897130045198537e-06,2.897130045198537e-06
620,66.98423767089844,66.98423662905533,1.041843106008855e-06,1.041843106008855e-06
621,66.97681427001953,66.97681635925429,-2.0892347549761325e-06,2.0892347549761325e-06
622,66.89540100097656,66.89540392593628,-2.924959716210651e-06,2.924959716210651e-06
623,66.76642608642578,66.76642882408576,-2.737659983154117e-06,2.737659983154117e-06
624,66.7367172241211,66.73672367595475,-6.451833655773953e-06,6.451833655773953e-06
625,66.70960235595703,66.70961078149976,-8.425542731060887e-06,8.425542731060887e-06
626,66.72323608398438,66.72324269051637,-6.606531997022103e-06,6.606531997022103e-06
627,66.66719055175781,66.66720036017176,-9.808413949485839e-06,9.808413949485839e-06
628,66.64321899414062,66.64322738208462,-8.387943992715918e-06,8.387943992715918e-06
629,66.6174545288086,66.61746618746328,-1.1658654685220426e-05,1.1658654685220426e-05
630,66.5467300415039,66.54673938485384,-9.343349930190925e-06,9.343349930190925e-06
631,66.42416381835938,66.42417878380859,-1.4965449210535553e-05,1.4965449210535553e-05
632,66.34353637695312,66.34354129349965,-4.916546529898369e-06,4.916546529898369e-06
633,66.30331420898438,66.30332146979566,-7.260811287324032e-06,7.260811287324032e-06
634,66.26258850097656,66.2626005990217,-1.2098045132802326e-05,1.2098045132802326e-05
635,66.14956665039062,66.14957597569631,-9.325305683205443e-06,9.325305683205443e-06
636,66.09814453125,66.09815746078719,-1.2929537192007956e-05,1.2929537192007956e-05
637,65.9976577758789,65.99766983904327,-1.2063164362530188e-05,1.2063164362530188e-05
638,65.98673248291016,65.98673307112044,-5.882102840359948e-07,5.882102840359948e-07
639,65.94389343261719,65.94389971914003,-6.286522847176457e-06,6.286522847176457e-06
640,65.87349700927734,65.8735010827189,-4.073441559171442e-06,4.073441559171442e-06
641,65.85651397705078,65.8565139322671,4.4783675434700854e-08,4.4783675434700854e-08
642,65.76869201660156,65.76870444008594,-1.2423484378132343e-05,1.2423484378132343e-05
643,65.77848052978516,65.77849080043575,-1.0270650591337471e-05,1.0270650591337471e-05
644,65.6957015991211,65.6957103420298,-8.742908704562069e-06,8.742908704562069e-06
645,65.56343841552734,65.5634517885868,-1.3373059459809156e-05,1.3373059459809156e-05
646,65.47392272949219,65.47393367432798,-1.0944835793225138e-05,1.0944835793225138e-05
647,65.411376953125,65.41138890747507,-1.1954350071619047e-05,1.1954350071619047e-05
648,65.3575668334961,65.35757551202673,-8.678530633687842e-06,8.678530633687842e-06
649,65.27413940429688,65.27414751276447,-8.108467596912305e-06,8.108467596912305e-06
650,65.21026611328125,65.21027857734013,-1.246405888366553e-05,1.246405888366553e-05
651,65.1783447265625,65.17835295708805,-8.230525551766732e-06,8.230525551766732e-06
652,65.14578247070312,65.14579381832336,-1.134762023013991e-05,1.134762023013991e-05
653,65.10629272460938,65.10630037070412,-7.646094744018228e-06,7.646094744018228e-06
654,65.01802825927734,65.01803779386951,-9.534592166460243e-06,9.534592166460243e-06
655,64.9836654663086,64.98367862917138,-1.3162862785520701e-05,1.3162862785520701e-05
656,65.00611114501953,65.00612651374017,-1.536872063923056e-05,1.536872063923056e-05
657,64.92332458496094,64.92333904550756,-1.4460546623240589e-05,1.4460546623240589e-05
658,64.97051239013672,64.97052630599299,-1.3915856271751181e-05,1.3915856271751181e-05
659,64.96761322021484,64.9676251192926,-1.1899077762222987e-05,1.1899077762222987e-05
660,64.863525390625,64.86353860811926,-1.3217494256423379e-05,1.3217494256423379e-05
661,64.77420806884766,64.7742219881969,-1.3919349242996759e-05,1.3919349242996759e-05
662,64.7160873413086,64.71609781236404,-1.0471055446714672e-05,1.0471055446714672e-05
663,64.67239379882812,64.67240580592203,-1.2007093900479049e-05,1.2007093900479049e-05
664,64.58556365966797,64.58557958701242,-1.592734444955113e-05,1.592734444955113e-05
665,64.51139068603516,64.51140448761673,-1.3801581573602562e-05,1.3801581573602562e-05
666,64.48603057861328,64.48604463460987,-1.4055996587103436e-05,1.4055996587103436e-05
667,64.45610809326172,64.45612261531221,-1.4522050491905247e-05,1.4522050491905247e-05
668,64.37732696533203,64.37734285156054,-1.5886228510453293e-05,1.5886228510453293e-05
669,64.31202697753906,64.31205068421542,-2.3706676358870027e-05,2.3706676358870027e-05
670,64.22598266601562,64.22600198656544,-1.9320549810686316e-05,1.9320549810686316e-05
671,64.0600814819336,64.06009403594102,-1.2554007426501812e-05,1.2554007426501812e-05
672,63.9895133972168,63.9895351133035,-2.171608670664682e-05,2.171608670664682e-05
673,63.91693115234375,63.916954574945706,-2.3422601955758182e-05,2.3422601955758182e-05
674,63.86970138549805,63.86972418270207,-2.279720402498242e-05,2.279720402498242e-05
675,63.78123092651367,63.781260358351716,-2.9431838044047254e-05,2.9431838044047254e-05
676,63.76176452636719,63.76179243429094,-2.7907923751513408e-05,2.7907923751513408e-05
677,63.65314483642578,63.65317255430277,-2.7717876989186152e-05,2.7717876989186152e-05
678,63.688446044921875,63.6884718282822,-2.5783360328546223e-05,2.5783360328546223e-05
679,63.59352111816406,63.593544718054524,-2.3599890461412087e-05,2.3599890461412087e-05
680,63.57268524169922,63.57270574455077,-2.050285154808762e-05,2.050285154808762e-05
681,63.620933532714844,63.62095676438361,-2.3231668762946356e-05,2.3231668762946356e-05
682,63.5465202331543,63.546544026468,-2.3793313701503394e-05,2.3793313701503394e-05
683,63.48775100708008,63.48777695779412,-2.5950714039879585e-05,2.5950714039879585e-05
684,63.41464614868164,63.41466990235921,-2.375367756712876e-05,2.375367756712876e-05
685,63.378421783447266,63.37844398451349,-2.2201066222748977e-05,2.2201066222748977e-05
686,63.36357879638672,63.36360428532326,-2.5488936543638374e-05,2.5488936543638374e-05
687,63.251094818115234,63.25112303961092,-2.8221495682601017e-05,2.8221495682601017e-05
688,63.16233825683594,63.16236467838161,-2.6421545669563784e-05,2.6421545669563784e-05
689,63.05635070800781,63.0563756712599,-2.4963252087673027e-05,2.4963252087673027e-05
690,63.036312103271484,63.03633640062268,-2.4297351195912142e-05,2.4297351195912142e-05
691,63.01337432861328,63.01339542521275,-2.1096599468251043e-05,2.1096599468251043e-05
692,62.939796447753906,62.93981804233707,-2.1594583166972825e-05,2.1594583166972825e-05
693,62.851806640625,62.85182601628583,-1.9375660826881358e-05,1.9375660826881358e-05
694,62.7347412109375,62.73476150820261,-2.029726510954788e-05,2.029726510954788e-05
695,62.7269401550293,62.726959188626786,-1.9033597489226395e-05,1.9033597489226395e-05
696,62.651878356933594,62.65189440034713,-1.6043413538113782e-05,1.6043413538113782e-05
697,62.64583206176758,62.64585065807253,-1.8596304954598963e-05,1.8596304954598963e-05
698,62.699859619140625,62.69987597623438,-1.635709375591432e-05,1.635709375591432e-05
699,62.72349548339844,62.7235119793509,-1.6495952465334085e-05,1.6495952465334085e-05
700,62.645320892333984,62.645334309704694,-1.3417370709589704e-05,1.3417370709589704e-05
701,62.65937423706055,62.65939155781505,-1.732075450178172e-05,1.732075450178172e-05
702,62.58873748779297,62.5887537915808,-1.6303787830906913e-05,1.6303787830906913e-05
703,62.56313705444336,62.563154294908756,-1.7240465396639593e-05,1.7240465396639593e-05
704,62.53179931640625,62.5318193142311,-1.9997824850293e-05,1.9997824850293e-05
705,62.51833724975586,62.51835908638299,-2.18366271340642e-05,2.18366271340642e-05
706,62.479942321777344,62.4799622491657,-1.9927388358098597e-05,1.9927388358098597e-05
707,62.45485305786133,62.454877672127154,-2.4614265825562143e-05,2.4614265825562143e-05
708,62.4457893371582,62.44581289583833,-2.3558680126711806e-05,2.3558680126711806e-05
709,62.30805206298828,62.30807621799665,-2.4155008368609288e-05,2.4155008368609288e-05
710,62.25688552856445,62.25691259449529,-2.7065930837011365e-05,2.7065930837011365e-05
711,62.23630905151367,62.2363315721284,-2.252061472773903e-05,2.252061472773903e-05
712,62.207786560058594,62.20781182377777,-2.5263719173551635e-05,2.5263719173551635e-05
713,62.175750732421875,62.175773463701056,-2.2731279180732145e-05,2.2731279180732145e-05
714,62.21842956542969,62.218452779037705,-2.321360801715855e-05,2.321360801715855e-05
715,62.17433547973633,62.17436156771655,-2.6087980224076546e-05,2.6087980224076546e-05
716,62.14070129394531,62.140723842161265,-2.254821595215617e-05,2.254821595215617e-05
717,62.097232818603516,62.097256383580245,-2.3564976729062437e-05,2.3564976729062437e-05
718,62.169029235839844,62.169053504024916,-2.4268185072173765e-05,2.4268185072173765e-05
719,62.10244369506836,62.10246493859193,-2.1243523569580702e-05,2.1243523569580702e-05
720,62.11602020263672,62.116043381930126,-2.3179293407338264e-05,2.3179293407338264e-05
721,62.131614685058594,62.13163700006436,-2.2315005764994567e-05,2.2315005764994567e-05
722,62.05980682373047,62.0598296295082,-2.280577773206005e-05,2.280577773206005e-05
723,62.080196380615234,62.080218088562255,-2.1707947020388474e-05,2.1707947020388474e-05
724,62.07048797607422,62.070513639005085,-2.5662930866587885e-05,2.5662930866587885e-05
725,62.080299377441406,62.080321508112,-2.2130670593867308e-05,2.2130670593867308e-05
726,61.96180725097656,61.96183375282328,-2.65018467189293e-05,2.65018467189293e-05
727,61.888999938964844,61.88902629476288,-2.6355798034671807e-05,2.6355798034671807e-05
728,61.83428192138672,61.83430516860353,-2.3247216809352267e-05,2.3247216809352267e-05
729,61.80638122558594,61.80640657026529,-2.5344679350780552e-05,2.5344679350780552e-05
730,61.76694869995117,61.76697113696969,-2.2437018515120144e-05,2.2437018515120144e-05
731,61.723594665527344,61.72361664527878,-2.1979751437584127e-05,2.1979751437584127e-05
732,61.71503448486328,61.71505722883245,-2.2743969168459444e-05,2.2743969168459444e-05
733,61.721153259277344,61.721180325434275,-2.7066156931709884e-05,2.7066156931709884e-05
734,61.762271881103516,61.76229368802289,-2.180691937780921e-05,2.180691937780921e-05
735,61.75413131713867,61.75415537466048,-2.405752180578702e-05,2.405752180578702e-05
736,61.66420364379883,61.66422646348031,-2.281968148309943e-05,2.281968148309943e-05
737,61.56465530395508,61.5646754139404,-2.010998532142594e-05,2.010998532142594e-05
738,61.590641021728516,61.59066066664339,-1.9644914871719266e-05,1.9644914871719266e-05
739,61.536643981933594,61.53666831124667,-2.432931307794206e-05,2.432931307794206e-05
740,61.51736068725586,61.51737963172293,-1.8944467072401494e-05,1.8944467072401494e-05
741,61.500301361083984,61.50032408428124,-2.272319725449279e-05,2.272319725449279e-05
742,61.495670318603516,61.495693066172976,-2.274756946007983e-05,2.274756946007983e-05
743,61.44081115722656,61.44083435019921,-2.3192972648189425e-05,2.3192972648189425e-05
744,61.39031219482422,61.39033551384263,-2.3319018410461467e-05,2.3319018410461467e-05
745,61.375343322753906,61.37536692625494,-2.360350103458586e-05,2.360350103458586e-05
746,61.303951263427734,61.30397563363896,-2.437021122858596e-05,2.437021122858596e-05
747,61.258426666259766,61.2584501616751,-2.3495415334195968e-05,2.3495415334195968e-05
748,61.19657516479492,61.19659642309409,-2.1258299170767714e-05,2.1258299170767714e-05
749,61.11098861694336,61.11101095130101,-2.2334357652198378e-05,2.2334357652198378e-05
750,61.083736419677734,61.0837591889973,-2.2769319564019952e-05,2.2769319564019952e-05
751,61.06987762451172,61.06990238030767,-2.475579594829469e-05,2.475579594829469e-05
752,61.03982925415039,61.03985799397763,-2.8739827236279325e-05,2.8739827236279325e-05
753,61.020755767822266,61.0207792225695,-2.3454747235973628e-05,2.3454747235973628e-05
754,60.982177734375,60.98219690474077,-1.91703657677067e-05,1.91703657677067e-05
755,60.93975830078125,60.93978003520962,-2.1734428372610637e-05,2.1734428372610637e-05
756,60.833091735839844,60.83311046379156,-1.872795171919961e-05,1.872795171919961e-05
757,60.85481643676758,60.85483871096881,-2.2274201228356105e-05,2.2274201228356105e-05
758,60.88795471191406,60.887978843279754,-2.4131365691459905e-05,2.4131365691459905e-05
759,60.893829345703125,60.89385177263061,-2.2426927486662862e-05,2.2426927486662862e-05
760,60.887088775634766,60.88711245966904,-2.368403427510657e-05,2.368403427510657e-05
761,60.8570671081543,60.85709214428736,-2.5036133060041266e-05,2.5036133060041266e-05
762,60.80472946166992,60.8047546250763,-2.516340637725989e-05,2.516340637725989e-05
763,60.77998733520508,60.78001472851156,-2.7393306481826585e-05,2.7393306481826585e-05
764,60.72095489501953,60.72098119318998,-2.629817044663696e-05,2.629817044663696e-05
765,60.7198371887207,60.71986153415846,-2.434543775819975e-05,2.434543775819975e-05
766,60.7047233581543,60.704744322226446,-2.096407214935425e-05,2.096407214935425e-05
767,60.67185592651367,60.67187502252966,-1.9096015989816806e-05,1.9096015989816806e-05
768,60.626861572265625,60.626881180615655,-1.9608350029898247e-05,1.9608350029898247e-05
769,60.607574462890625,60.60759482969235,-2.0366801727789152e-05,2.0366801727789152e-05
770,60.607749938964844,60.60776792889476,-1.79899299155295e-05,1.79899299155295e-05
771,60.6397590637207,60.63978148647683,-2.2422756124740317e-05,2.2422756124740317e-05
772,60.54374694824219,60.54376584836642,-1.8900124231890914e-05,1.8900124231890914e-05
773,60.48337936401367,60.48339816132112,-1.8797307447471212e-05,1.8797307447471212e-05
774,60.52914810180664,60.52916314746359,-1.504565695142901e-05,1.504565695142901e-05
775,60.48894119262695,60.48895592748961,-1.473486265979318e-05,1.473486265979318e-05
776,60.529972076416016,60.52998850815215,-1.64317361353028e-05,1.64317361353028e-05
777,60.46079635620117,60.46081466820499,-1.8312003817300138e-05,1.8312003817300138e-05
778,60.48249435424805,60.48251102153777,-1.666728972082865e-05,1.666728972082865e-05
779,60.41070556640625,60.41072121732469,-1.5650918442133843e-05,1.5650918442133843e-05
780,60.33855056762695,60.33856575104214,-1.5183415186470484e-05,1.5183415186470484e-05
781,60.31990432739258,60.319922170604286,-1.7843211708168383e-05,1.7843211708168383e-05
782,60.27519989013672,60.275214962971816,-1.5072835097384996e-05,1.5072835097384996e-05
783,60.19220733642578,60.19222428256096,-1.694613517599919e-05,1.694613517599919e-05
784,60.10961151123047,60.109624793634055,-1.3282403585890279e-05,1.3282403585890279e-05
785,60.09186935424805,60.09188552983594,-1.6175587894906585e-05,1.6175587894906585e-05
786,60.01039123535156,60.01041323122279,-2.1995871229307795e-05,2.1995871229307795e-05
787,60.02526092529297,60.025279655288934,-1.8729995964861246e-05,1.8729995964861246e-05
788,60.0528678894043,60.05288779407872,-1.99046744242537e-05,1.99046744242537e-05
789,59.96611022949219,59.966129279186106,-1.904969391830491e-05,1.904969391830491e-05
790,59.8546142578125,59.85463529376265,-2.10359501480184e-05,2.10359501480184e-05
791,59.72287368774414,59.72289360792821,-1.9920184065824742e-05,1.9920184065824742e-05
792,59.727291107177734,59.72731028172308,-1.917454534350327e-05,1.917454534350327e-05
793,59.64649200439453,59.64651310652574,-2.1102131206873764e-05,2.1102131206873764e-05
794,59.661842346191406,59.661862073008024,-1.9726816617549048e-05,1.9726816617549048e-05
795,59.6212043762207,59.62122693566272,-2.255944201579041e-05,2.255944201579041e-05
796,59.529109954833984,59.529132949861484,-2.2995027499916887e-05,2.2995027499916887e-05
797,59.458251953125,59.45826763748541,-1.568436041310406e-05,1.568436041310406e-05
798,59.42963409423828,59.42965791088057,-2.381664229034186e-05,2.381664229034186e-05
799,59.491031646728516,59.491051316565645,-1.9669837129754342e-05,1.9669837129754342e-05
800,59.477413177490234,59.47743404564807,-2.086815783286511e-05,2.086815783286511e-05
801,59.37360382080078,59.37362458597398,-2.076517319693494e-05,2.076517319693494e-05
802,59.32021713256836,59.320235677460474,-1.8544892114391587e-05,1.8544892114391587e-05
803,59.23529052734375,59.23530525056154,-1.4723217788059628e-05,1.4723217788059628e-05
804,59.156150817871094,59.1561648923924,-1.407452130308684e-05,1.407452130308684e-05
805,59.159969329833984,59.15998149532731,-1.2165493323834653e-05,1.2165493323834653e-05
806,59.10991287231445,59.10992717885042,-1.430653596656839e-05,1.430653596656839e-05
807,59.128963470458984,59.12897394731785,-1.0476858868457839e-05,1.0476858868457839e-05
808,59.11003875732422,59.1100457251232,-6.967798981349915e-06,6.967798981349915e-06
809,59.082401275634766,59.08241526464228,-1.3989007513259821e-05,1.3989007513259821e-05
810,59.12788391113281,59.12789997166609,-1.6060533276629485e-05,1.6060533276629485e-05
811,59.07386016845703,59.07387296284538,-1.279438834700386e-05,1.279438834700386e-05
812,59.059104919433594,59.05911463371099,-9.714277396710713e-06,9.714277396710713e-06
813,59.18500900268555,59.18501709021014,-8.087524591360307e-06,8.087524591360307e-06
814,59.13924026489258,59.139251883610854,-1.1618718275485662e-05,1.1618718275485662e-05
815,59.19108963012695,59.19110439973508,-1.4769608128517575e-05,1.4769608128517575e-05
816,59.089508056640625,59.08951974184643,-1.1685205805633814e-05,1.1685205805633814e-05
817,59.072669982910156,59.072680203799,-1.0220888846390608e-05,1.0220888846390608e-05
818,59.018489837646484,59.01850379256456,-1.3954918074432499e-05,1.3954918074432499e-05
819,58.9200439453125,58.92005688539449,-1.2940081987267149e-05,1.2940081987267149e-05
820,58.86280059814453,58.86281123155757,-1.0633413040750384e-05,1.0633413040750384e-05
821,58.939456939697266,58.93946750182186,-1.0562124593604949e-05,1.0562124593604949e-05
822,58.9017333984375,58.90174324902765,-9.850590153348548e-06,9.850590153348548e-06
823,58.847145080566406,58.847152579318745,-7.498752339074599e-06,7.498752339074599e-06
824,58.866172790527344,58.86618088708164,-8.096554296344038e-06,8.096554296344038e-06
825,58.805850982666016,58.8058583845225,-7.4018564859557046e-06,7.4018564859557046e-06
826,58.787879943847656,58.78788601705742,-6.073209760870668e-06,6.073209760870668e-06
827,58.77198028564453,58.77198464801667,-4.36237213818913e-06,4.36237213818913e-06
828,58.72439956665039,58.72440944596145,-9.879311058114126e-06,9.879311058114126e-06
829,58.67884826660156,58.67885521705996,-6.950458399046511e-06,6.950458399046511e-06
830,58.726016998291016,58.72602651224364,-9.51395262660526e-06,9.51395262660526e-06
831,58.69040298461914,58.69040967409753,-6.689478389887427e-06,6.689478389887427e-06
832,58.76081466674805,58.76081696251466,-2.2957666132583654e-06,2.2957666132583654e-06
833,58.723384857177734,58.72338803895662,-3.181778886585107e-06,3.181778886585107e-06
834,58.68400192260742,58.684005560280426,-3.6376730037090965e-06,3.6376730037090965e-06
835,58.62818908691406,58.62819374481158,-4.657897520132792e-06,4.657897520132792e-06
836,58.4693603515625,58.469364882384916,-4.530822415915736e-06,4.530822415915736e-06
837,58.35536193847656,58.35536418253599,-2.2440594307227e-06,2.2440594307227e-06
838,58.32318878173828,58.32319203437661,-3.2526383293429717e-06,3.2526383293429717e-06
839,58.2619514465332,58.26195306007637,-1.6135431692987368e-06,1.6135431692987368e-06
840,58.305049896240234,58.3050481403025,1.7559377312181823e-06,1.7559377312181823e-06
841,58.29261016845703,58.29260877875005,1.3897069806034779e-06,1.3897069806034779e-06
842,58.2423210144043,58.24231907122877,1.94317552626444e-06,1.94317552626444e-06
843,58.26169204711914,58.261691774039114,2.730800261474542e-07,2.730800261474542e-07
844,58.201560974121094,58.201561707484004,-7.333629099548489e-07,7.333629099548489e-07
845,58.18187713623047,58.18187481333098,2.3228994905366562e-06,2.3228994905366562e-06
846,58.183685302734375,58.18368359323542,1.7094989530619387e-06,1.7094989530619387e-06
847,58.15837478637695,58.15837534785931,-5.614823592736684e-07,5.614823592736684e-07
848,58.120819091796875,58.120818868368175,2.2342869954172784e-07,2.2342869954172784e-07
849,58.08152389526367,58.08152402801814,-1.3275446519855905e-07,1.3275446519855905e-07
850,58.037410736083984,58.037412344752184,-1.608668199537533e-06,1.608668199537533e-06
851,58.076812744140625,58.07681165669153,1.0874490925516511e-06,1.0874490925516511e-06
852,58.05059051513672,58.0505903696852,1.4545151572065151e-07,1.4545151572065151e-07
853,57.98225021362305,57.982250755824026,-5.422009792255267e-07,5.422009792255267e-07
854,57.93154525756836,57.93154857045145,-3.312883087858154e-06,3.312883087858154e-06
855,57.85889434814453,57.85889745857152,-3.1104269879733693e-06,3.1104269879733693e-06
856,57.852020263671875,57.85202230870143,-2.045029553698896e-06,2.045029553698896e-06
857,57.812339782714844,57.81234560141543,-5.81870058624645e-06,5.81870058624645e-06
858,57.798831939697266,57.79883696817146,-5.0284741917039355e-06,5.0284741917039355e-06
859,57.786373138427734,57.78637937621617,-6.237788433338665e-06,6.237788433338665e-06
860,57.622406005859375,57.62241703302847,-1.1027169094290912e-05,1.1027169094290912e-05
861,57.556312561035156,57.5563183074282,-5.746393043182252e-06,5.746393043182252e-06
862,57.62746047973633,57.627463004293816,-2.524557487504353e-06,2.524557487504353e-06
863,57.61037063598633,57.610374424190866,-3.7882045376136375e-06,3.7882045376136375e-06
864,57.57796096801758,57.57796169186065,-7.238430725919898e-07,7.238430725919898e-07
865,57.575679779052734,57.57567935722343,4.218293057078881e-07,4.218293057078881e-07
866,57.575130462646484,57.575134087289754,-3.624643269972694e-06,3.624643269972694e-06
867,57.489707946777344,57.489712799688405,-4.85291106144814e-06,4.85291106144814e-06
868,57.46430206298828,57.464308733467966,-6.670479685055852e-06,6.670479685055852e-06
869,57.471492767333984,57.471496633855764,-3.866521780082621e-06,3.866521780082621e-06
870,57.45639419555664,57.45639688676842,-2.69121177609577e-06,2.69121177609577e-06
871,57.41970443725586,57.41970893476494,-4.497509081602402e-06,4.497509081602402e-06
872,57.38429641723633,57.384298973043734,-2.5558074057130398e-06,2.5558074057130398e-06
873,57.31187057495117,57.3118747654689,-4.190517728375198e-06,4.190517728375198e-06
874,57.271888732910156,57.27189399819448,-5.265284322319985e-06,5.265284322319985e-06
875,57.26467514038086,57.26468235057593,-7.2101950721048524e-06,7.2101950721048524e-06
876,57.2092170715332,57.209223503276434,-6.431743230450593e-06,6.431743230450593e-06
877,57.18537139892578,57.18537365661623,-2.257690447038385e-06,2.257690447038385e-06
878,57.171390533447266,57.171390372136855,1.6131041036260285e-07,1.6131041036260285e-07
879,57.189208984375,57.189210940282635,-1.955907634965115e-06,1.955907634965115e-06
880,57.091922760009766,57.091923865563935,-1.105554169100742e-06,1.105554169100742e-06
881,57.07286071777344,57.072866022170544,-5.304397106442593e-06,5.304397106442593e-06
882,57.09321212768555,57.09321905544361,-6.927758064989575e-06,6.927758064989575e-06
883,57.08317184448242,57.083175773641145,-3.929158722826287e-06,3.929158722826287e-06
884,56.9744873046875,56.974493135796706,-5.831109206155816e-06,5.831109206155816e-06
885,56.94559097290039,56.9456029388611,-1.1965960709403589e-05,1.1965960709403589e-05
886,56.97867202758789,56.978678894837316,-6.867249425113187e-06,6.867249425113187e-06
887,56.909420013427734,56.90942672629319,-6.712865456393047e-06,6.712865456393047e-06
888,56.89181137084961,56.891816450888285,-5.080038675941978e-06,5.080038675941978e-06
889,56.83491134643555,56.834916046925116,-4.700489569131605e-06,4.700489569131605e-06
890,56.857662200927734,56.85766605509491,-3.854167175632028e-06,3.854167175632028e-06
891,56.88566589355469,56.885674455993644,-8.562438956971619e-06,8.562438956971619e-06
892,56.874820709228516,56.874830680628506,-9.971399990149621e-06,9.971399990149621e-06
893,56.8731689453125,56.87317908436127,-1.0139048768564862e-05,1.0139048768564862e-05
894,56.843875885009766,56.843882558920534,-6.673910768029145e-06,6.673910768029145e-06
895,56.917884826660156,56.917889482615735,-4.65595557841425e-06,4.65595557841425e-06
896,56.9399299621582,56.93993445448076,-4.49232256016785e-06,4.49232256016785e-06
897,56.85647201538086,56.85647470121461,-2.6858337491830753e-06,2.6858337491830753e-06
898,56.77090835571289,56.77090625443924,2.1012736510783725e-06,2.1012736510783725e-06
899,56.74660110473633,56.74659804674398,3.0579923446794055e-06,3.0579923446794055e-06
900,56.707801818847656,56.707804951842654,-3.132994997656624e-06,3.132994997656624e-06
901,56.695064544677734,56.69506012457451,4.4201032238788684e-06,4.4201032238788684e-06
902,56.652610778808594,56.652607026586864,3.7522217297691896e-06,3.7522217297691896e-06
903,56.604122161865234,56.604120162167234,1.9996980000769327e-06,1.9996980000769327e-06
904,56.62419509887695,56.62419430110516,7.977717899620984e-07,7.977717899620984e-07
905,56.642024993896484,56.642023002230715,1.9916657691965156e-06,1.9916657691965156e-06
906,56.650245666503906,56.65024244293833,3.2235655780255e-06,3.2235655780255e-06
907,56.62579345703125,56.62578751063759,5.946393656586224e-06,5.946393656586224e-06
908,56.64019775390625,56.640200370336814,-2.616430563762151e-06,2.616430563762151e-06
909,56.54701614379883,56.54701551786849,6.259303404476668e-07,6.259303404476668e-07
910,56.462791442871094,56.46278887338951,2.569481580394495e-06,2.569481580394495e-06
911,56.4925537109375,56.492553733211665,-2.2274164734881197e-08,2.2274164734881197e-08
912,56.449546813964844,56.44954793117148,-1.1172066365361388e-06,1.1172066365361388e-06
913,56.43955612182617,56.43955961753485,-3.4957086754161537e-06,3.4957086754161537e-06
914,56.498802185058594,56.498804049223196,-1.8641646022388159e-06,1.8641646022388159e-06
915,56.45758056640625,56.45757962033574,9.460705072683595e-07,9.460705072683595e-07
916,56.38804244995117,56.38803863761814,3.8123330341477413e-06,3.8123330341477413e-06
917,56.23240661621094,56.23240319475589,3.421455048169264e-06,3.421455048169264e-06
918,56.201480865478516,56.20147800079506,2.8646834522305653e-06,2.8646834522305653e-06
919,56.17068099975586,56.17067443096382,6.568792038308402e-06,6.568792038308402e-06
920,56.19113540649414,56.19112964776073,5.75873340835642e-06,5.75873340835642e-06
921,56.14494705200195,56.14494313843065,3.9135713052473875e-06,3.9135713052473875e-06
922,56.10916519165039,56.10916177597048,3.415679913132408e-06,3.415679913132408e-06
923,56.08084487915039,56.08083668784698,8.191303408011663e-06,8.191303408011663e-06
924,56.073997497558594,56.07399045812211,7.039436482614292e-06,7.039436482614292e-06
925,56.08026885986328,56.08026268083282,6.179030464181778e-06,6.179030464181778e-06
926,56.027366638183594,56.02735774388217,8.894301423367779e-06,8.894301423367779e-06
927,56.01807403564453,56.01806458632876,9.449315768961242e-06,9.449315768961242e-06
928,56.01190185546875,56.01189338078786,8.474680889491992e-06,8.474680889491992e-06
929,55.99322509765625,55.99321844989205,6.6477642022277905e-06,6.6477642022277905e-06
930,56.03461456298828,56.03460831770877,6.245279507766099e-06,6.245279507766099e-06
931,55.93313217163086,55.933128119818434,4.051812425132084e-06,4.051812425132084e-06
932,55.93901824951172,55.93901506308097,3.1864307459272823e-06,3.1864307459272823e-06
933,55.97243881225586,55.972431937386915,6.874868944350965e-06,6.874868944350965e-06
934,55.89506530761719,55.89506058397796,4.723639229098353e-06,4.723639229098353e-06
935,55.88002014160156,55.880016954334984,3.187266578663639e-06,3.187266578663639e-06
936,55.81488037109375,55.81487452955074,5.841543007534256e-06,5.841543007534256e-06
937,55.77741622924805,55.77741117315368,5.056094366295838e-06,5.056094366295838e-06
938,55.757625579833984,55.75761560724858,9.972585402806544e-06,9.972585402806544e-06
939,55.7288703918457,55.72885992156715,1.0470278553498247e-05,1.0470278553498247e-05
940,55.79537582397461,55.79536270500314,1.3118971466496987e-05,1.3118971466496987e-05
941,55.77008819580078,55.7700742842203,1.3911580481362762e-05,1.3911580481362762e-05
942,55.68829345703125,55.688281587053496,1.1869977754486172e-05,1.1869977754486172e-05
943,55.633392333984375,55.63338220685428,1.0127130096293513e-05,1.0127130096293513e-05
944,55.598045349121094,55.59803699429884,8.354822256251282e-06,8.354822256251282e-06
945,55.55698013305664,55.556969601275625,1.0531781015288288e-05,1.0531781015288288e-05
946,55.564002990722656,55.563992542990505,1.0447732151419586e-05,1.0447732151419586e-05
947,55.5124397277832,55.51242856876965,1.1159013553196928e-05,1.1159013553196928e-05
948,55.516197204589844,55.51618510182185,1.2102767996680086e-05,1.2102767996680086e-05
949,55.48088836669922,55.4808763295843,1.2037114920815384e-05,1.2037114920815384e-05
950,55.4088134765625,55.40880253277844,1.0943784062078521e-05,1.0943784062078521e-05
951,55.38519287109375,55.3851796455975,1.3225496246604962e-05,1.3225496246604962e-05
952,55.336421966552734,55.336409108292,1.2858260731718474e-05,1.2858260731718474e-05
953,55.31654357910156,55.31653422885394,9.3502476232743e-06,9.3502476232743e-06
954,55.3690185546875,55.36900637288046,1.2181807036881764e-05,1.2181807036881764e-05
955,55.34444046020508,55.344431152516464,9.307688614512699e-06,9.307688614512699e-06
956,55.31709289550781,55.317086211176786,6.684331026463042e-06,6.684331026463042e-06
957,55.23110580444336,55.231095369322475,1.0435120884721982e-05,1.0435120884721982e-05
958,55.22084045410156,55.22082992602196,1.0528079599225748e-05,1.0528079599225748e-05
959,55.19266891479492,55.192657483503595,1.1431291326857718e-05,1.1431291326857718e-05
960,55.238677978515625,55.23866642587079,1.1552644835433057e-05,1.1552644835433057e-05
961,55.13150405883789,55.131487054147364,1.7004690526789545e-05,1.7004690526789545e-05
962,55.0741081237793,55.07409880804857,9.31573072904257e-06,9.31573072904257e-06
963,55.03044128417969,55.03043248813736,8.796042330061482e-06,8.796042330061482e-06
964,55.01364517211914,55.013634737681826,1.0434437314188472e-05,1.0434437314188472e-05
965,54.96616744995117,54.966153971905115,1.3478046057002757e-05,1.3478046057002757e-05
966,54.955223083496094,54.955212955109424,1.0128386669805423e-05,1.0128386669805423e-05
967,55.046226501464844,55.04621328134682,1.3220118020740301e-05,1.3220118020740301e-05
968,55.00929260253906,55.00927932335012,1.3279188941339726e-05,1.3279188941339726e-05
969,54.99415588378906,54.994141169588445,1.4714200617049755e-05,1.4714200617049755e-05
970,54.941463470458984,54.94144652269989,1.694775909300006e-05,1.694775909300006e-05
971,54.970462799072266,54.97044548548334,1.7313588926981538e-05,1.7313588926981538e-05
972,54.89591979980469,54.89590346160026,1.633820442492606e-05,1.633820442492606e-05
973,54.85749816894531,54.857480637343244,1.753160206874327e-05,1.753160206874327e-05
974,54.85008239746094,54.850064135397545,1.8262063392171513e-05,1.8262063392171513e-05
975,54.86930847167969,54.869290961106344,1.7510573343315627e-05,1.7510573343315627e-05
976,54.861446380615234,54.861432148129964,1.4232485270326833e-05,1.4232485270326833e-05
977,54.871158599853516,54.871138707296964,1.989255655132638e-05,1.989255655132638e-05
978,54.789520263671875,54.78950168477323,1.85788986470925e-05,1.85788986470925e-05
979,54.74470901489258,54.74468908672549,1.9928167091620708e-05,1.9928167091620708e-05
980,54.721675872802734,54.72165567175806,2.0201044677037316e-05,2.0201044677037316e-05
981,54.749813079833984,54.749797089425996,1.599040798794249e-05,1.599040798794249e-05
982,54.73029327392578,54.73027291593215,2.0357993633979277e-05,2.0357993633979277e-05
983,54.70042419433594,54.700404112129775,2.008220616289691e-05,2.008220616289691e-05
984,54.68519592285156,54.68517644347048,1.9479381080600433e-05,1.9479381080600433e-05
985,54.61787414550781,54.6178501338908,2.4011617014707554e-05,2.4011617014707554e-05
986,54.53571319580078,54.53569254238461,2.0653416171967365e-05,2.0653416171967365e-05
987,54.53633499145508,54.53631166110566,2.333034942125778e-05,2.333034942125778e-05
988,54.47722244262695,54.477202910818406,1.9531808547412766e-05,1.9531808547412766e-05
989,54.47169494628906,54.47167550943016,1.9436858899268827e-05,1.9436858899268827e-05
990,54.396278381347656,54.39626010888041,1.827246724417364e-05,1.827246724417364e-05
991,54.345130920410156,54.34510912892279,2.1791487363032047e-05,2.1791487363032047e-05
992,54.32951736450195,54.329500493932855,1.687056909815965e-05,1.687056909815965e-05
993,54.2603645324707,54.26035067956603,1.3852904672262412e-05,1.3852904672262412e-05
994,54.23488998413086,54.23487587320999,1.411092087266752e-05,1.411092087266752e-05
995,54.227054595947266,54.22703992308432,1.4672862945985798e-05,1.4672862945985798e-05
996,54.28076171875,54.28075190664028,9.81210971673363e-06,9.81210971673363e-06
997,54.233154296875,54.233142006441696,1.2290433303974169e-05,1.2290433303974169e-05
998,54.23525619506836,54.23524712448739,9.07058097254776e-06,9.07058097254776e-06
999,54.248844146728516,54.248832099128045,1.204760047102127e-05,1.204760047102127e-05
1000,54.335289001464844,54.335279976352936,9.025111907590144e-06,9.025111907590144e-06
1001,54.39665985107422,54.39665467203197,5.1790422475050946e-06,5.1790422475050946e-06
1002,54.41917419433594,54.41916783735549,6.3569804495955395e-06,6.3569804495955395e-06
1003,54.460975646972656,54.46096740715535,8.239817304911412e-06,8.239817304911412e-06
1004,54.427711486816406,54.42770215202725,9.334789154991086e-06,9.334789154991086e-06
1005,54.45762252807617,54.45761525072891,7.277347265244316e-06,7.277347265244316e-06
1006,54.412357330322266,54.4123541931929,3.137129368724345e-06,3.137129368724345e-06
1007,54.42420196533203,54.42419350196485,8.463367180411296e-06,8.463367180411296e-06
1008,54.41200637817383,54.411999515371505,6.862802322871175e-06,6.862802322871175e-06
1009,54.37188720703125,54.37188021187969,6.995151558442103e-06,6.995151558442103e-06
1010,54.37281799316406,54.37281070427851,7.288885555567504e-06,7.288885555567504e-06
1011,54.39384078979492,54.393832063186125,8.726608797360313e-06,8.726608797360313e-06
1012,54.4049072265625,54.40489861030128,8.616261219174248e-06,8.616261219174248e-06
1013,54.338172912597656,54.338161282952214,1.1629645442212677e-05,1.1629645442212677e-05
1014,54.249691009521484,54.24968611188425,4.8976372326592355e-06,4.8976372326592355e-06
1015,54.22310256958008,54.223090529819665,1.2039760413529166e-05,1.2039760413529166e-05
1016,54.15155029296875,54.15153716328454,1.3129684212742632e-05,1.3129684212742632e-05
1017,54.13506317138672,54.13504840315201,1.476823470625277e-05,1.476823470625277e-05
1018,54.117347717285156,54.117332433138,1.5284147153238337e-05,1.5284147153238337e-05
1019,54.0781135559082,54.078097340446575,1.6215461627666627e-05,1.6215461627666627e-05
1020,53.98616409301758,53.98614707048026,1.7022537321054187e-05,1.7022537321054187e-05
1021,53.94915771484375,53.9491402131129,1.7501730852131914e-05,1.7501730852131914e-05
1022,53.91319274902344,53.91317806114897,1.4687874468677364e-05,1.4687874468677364e-05
1023,53.822265625,53.82225170956612,1.3915433882516481e-05,1.3915433882516481e-05
1024,53.83238220214844,53.83236984565197,1.2356496469578815e-05,1.2356496469578815e-05
1025,53.808414459228516,53.80840262624815,1.1832980362669332e-05,1.1832980362669332e-05
1026,53.79443359375,53.794419957084074,1.363666592624213e-05,1.363666592624213e-05
1027,53.80475997924805,53.804746816123085,1.3163124961579342e-05,1.3163124961579342e-05
1028,53.840335845947266,53.84032022938321,1.561656405613121e-05,1.561656405613121e-05
1029,53.76548385620117,53.765469433992536,1.4422208636233336e-05,1.4422208636233336e-05
1030,53.8533821105957,53.85336531101483,1.6799580876636355e-05,1.6799580876636355e-05
1031,53.80703353881836,53.80701619212121,1.734669714892334e-05,1.734669714892334e-05
1032,53.79489517211914,53.79487694164279,1.8230476349856417e-05,1.8230476349856417e-05
1033,53.80324935913086,53.80322986581771,1.9493313146767832e-05,1.9493313146767832e-05
1034,53.76594543457031,53.76592448488897,2.094968134258579e-05,2.094968134258579e-05
1035,53.800254821777344,53.800234572716455,2.0249060888488657e-05,2.0249060888488657e-05
1036,53.769893646240234,53.76987347716101,2.0169079220977437e-05,2.0169079220977437e-05
1037,53.74467468261719,53.74465469522212,1.9987395070586444e-05,1.9987395070586444e-05
1038,53.83684539794922,53.83682652536575,1.887258346755516e-05,1.887258346755516e-05
1039,53.82307434082031,53.82305516763998,1.9173180334064455e-05,1.9173180334064455e-05
1040,53.827091217041016,53.8270771191661,1.409787491724046e-05,1.409787491724046e-05
1041,53.71582794189453,53.71580963762746,1.8304267072721814e-05,1.8304267072721814e-05
1042,53.70676040649414,53.70673782501069,2.258148344935762e-05,2.258148344935762e-05
1043,53.6918830871582,53.6918619493255,2.1137832703743697e-05,2.1137832703743697e-05
1044,53.608699798583984,53.608679865988634,1.9932595350269366e-05,1.9932595350269366e-05
1045,53.582313537597656,53.58229325833888,2.0279258777122777e-05,2.0279258777122777e-05
1046,53.52626037597656,53.52623982497863,2.055099793096815e-05,2.055099793096815e-05
1047,53.47007751464844,53.47006074064289,1.6774005544561987e-05,1.6774005544561987e-05
1048,53.451416015625,53.451394517008964,2.1498616035842133e-05,2.1498616035842133e-05
1049,53.44020462036133,53.44017975575778,2.486460354589326e-05,2.486460354589326e-05
1050,53.43563461303711,53.43561391645757,2.0696579539958293e-05,2.0696579539958293e-05
1051,53.480674743652344,53.48064939594906,2.5347703285660828e-05,2.5347703285660828e-05
1052,53.442047119140625,53.44202362842496,2.3490715662433104e-05,2.3490715662433104e-05
1053,53.4271354675293,53.427113356733685,2.2110795612206857e-05,2.2110795612206857e-05
1054,53.422218322753906,53.42219710600373,2.1216750177188715e-05,2.1216750177188715e-05
1055,53.44284439086914,53.44282149355611,2.2897313030512123e-05,2.2897313030512123e-05
1056,53.37692642211914,53.37690494155672,2.1480562423903393e-05,2.1480562423903393e-05
1057,53.36415481567383,53.36413344491629,2.137075753694262e-05,2.137075753694262e-05
1058,53.35624694824219,53.35622473262289,2.2215619296162004e-05,2.2215619296162004e-05
1059,53.283447265625,53.28342283594556,2.4429679442050656e-05,2.4429679442050656e-05
1060,53.209041595458984,53.20901713883049,2.4456628494817778e-05,2.4456628494817778e-05
1061,53.25077819824219,53.250751365408476,2.6832833711409876e-05,2.6832833711409876e-05
1062,53.2703742980957,53.27035119119506,2.310690064177834e-05,2.310690064177834e-05
1063,53.22787094116211,53.22784309650089,2.784466121852347e-05,2.784466121852347e-05
1064,53.22465515136719,53.224629406520144,2.574484704354063e-05,2.574484704354063e-05
1065,53.20369338989258,53.20366675203424,2.6637858340450293e-05,2.6637858340450293e-05
1066,53.154727935791016,53.154701273644605,2.6662146410671994e-05,2.6662146410671994e-05
1067,53.17765426635742,53.17763077338928,2.3492968139748882e-05,2.3492968139748882e-05
1068,53.13336181640625,53.1333346733189,2.7143087351078066e-05,2.7143087351078066e-05
1069,53.12547302246094,53.125443387977086,2.963448385173706e-05,2.963448385173706e-05
1070,53.137535095214844,53.13750709028204,2.8004932801195537e-05,2.8004932801195537e-05
1071,53.1754150390625,53.1753874278488,2.7611213702982695e-05,2.7611213702982695e-05
1072,53.13153076171875,53.13150634986342,2.441185532831014e-05,2.441185532831014e-05
1073,53.1775016784668,53.177476000920535,2.5677546261704265e-05,2.5677546261704265e-05
1074,53.2575569152832,53.25753276238686,2.4152896344276087e-05,2.4152896344276087e-05
1075,53.249168395996094,53.2491465003235,2.1895672595917404e-05,2.1895672595917404e-05
1076,53.19721221923828,53.19719060723543,2.1612002853999e-05,2.1612002853999e-05
1077,53.148658752441406,53.148635991350346,2.2761091059919636e-05,2.2761091059919636e-05
1078,53.110111236572266,53.11009359185164,1.7644720628595678e-05,1.7644720628595678e-05
1079,53.11965560913086,53.11963979986527,1.5809265590860377e-05,1.5809265590860377e-05
1080,53.16779327392578,53.16777736320553,1.5910720250644772e-05,1.5910720250644772e-05
1081,53.155277252197266,53.15526193389486,1.5318302402533845e-05,1.5318302402533845e-05
1082,53.103355407714844,53.10334288407874,1.252363610149132e-05,1.252363610149132e-05
1083,53.06682586669922,53.066813402809025,1.2463890193714633e-05,1.2463890193714633e-05
1084,53.105003356933594,53.104991723276825,1.1633656768594847e-05,1.1633656768594847e-05
1085,53.02642822265625,53.02641583922795,1.2383428298790022e-05,1.2383428298790022e-05
1086,53.01165008544922,53.01163629050154,1.3794947676615266e-05,1.3794947676615266e-05
1087,52.97121047973633,52.971193857028936,1.662270739188898e-05,1.662270739188898e-05
1088,52.996822357177734,52.99681302663276,9.33054497664898e-06,9.33054497664898e-06
1089,52.99882888793945,52.998818324804006,1.0563135447227978e-05,1.0563135447227978e-05
1090,52.972721099853516,52.97270848027618,1.2619577333339294e-05,1.2619577333339294e-05
1091,52.87879180908203,52.87878110162514,1.0707456894465395e-05,1.0707456894465395e-05
1092,52.87662124633789,52.876610057454684,1.1188883206614264e-05,1.1188883206614264e-05
1093,52.81110382080078,52.81109109841874,1.2722382038532487e-05,1.2722382038532487e-05
1094,52.77460861206055,52.77460165195005,6.960110496834204e-06,6.960110496834204e-06
1095,52.83061218261719,52.83060329019827,8.892418918549083e-06,8.892418918549083e-06
1096,52.89671325683594,52.8967067940385,6.462797436768142e-06,6.462797436768142e-06
1097,52.93236541748047,52.93235956484378,5.852636689951396e-06,5.852636689951396e-06
1098,52.92741012573242,52.92740246638878,7.659343644661476e-06,7.659343644661476e-06
1099,52.887882232666016,52.88787610159991,6.131066108139294e-06,6.131066108139294e-06
1100,52.89703369140625,52.897025473850285,8.217555965472911e-06,8.217555965472911e-06
1101,52.92203140258789,52.92202323309235,8.169495544052552e-06,8.169495544052552e-06
1102,52.948875427246094,52.948865954718435,9.472527658260788e-06,9.472527658260788e-06
1103,52.8798713684082,52.87986341156945,7.956838750544648e-06,7.956838750544648e-06
1104,52.81604766845703,52.81603629634817,1.1372108858154206e-05,1.1372108858154206e-05
1105,52.764225006103516,52.764211338892935,1.3667210581047584e-05,1.3667210581047584e-05
1106,52.76988220214844,52.76987153833895,1.0663809490552012e-05,1.0663809490552012e-05
1107,52.69514083862305,52.69513442062886,6.417994185881071e-06,6.417994185881071e-06
1108,52.71943664550781,52.71942646637396,1.0179133852261657e-05,1.0179133852261657e-05
1109,52.64004898071289,52.64003966391118,9.3168017087919e-06,9.3168017087919e-06
1110,52.64661407470703,52.646602093935364,1.1980771667197132e-05,1.1980771667197132e-05
1111,52.63002395629883,52.63001441259992,9.543698908487386e-06,9.543698908487386e-06
1112,52.62200927734375,52.62200051583411,8.761509640464737e-06,8.761509640464737e-06
1113,52.69621276855469,52.696202891084006,9.877470681374234e-06,9.877470681374234e-06
1114,52.68006134033203,52.68005295688923,8.383442803960861e-06,8.383442803960861e-06
1115,52.66811752319336,52.668109301604034,8.221589325785317e-06,8.221589325785317e-06
1116,52.640995025634766,52.64099287113288,2.154501885343052e-06,2.154501885343052e-06
1117,52.66358184814453,52.6635734257339,8.422410630259947e-06,8.422410630259947e-06
1118,52.715003967285156,52.71500017187809,3.7954070677415075e-06,3.7954070677415075e-06
1119,52.65781784057617,52.65781776200472,7.857145334355664e-08,7.857145334355664e-08
1120,52.65822219848633,52.65821951071011,2.6877762167032415e-06,2.6877762167032415e-06
1121,52.57304000854492,52.57303473604111,5.272503813102958e-06,5.272503813102958e-06
1122,52.63234329223633,52.632337263105555,6.029130773299585e-06,6.029130773299585e-06
1123,52.642173767089844,52.642168031139136,5.735950708185555e-06,5.735950708185555e-06
1124,52.69934844970703,52.69934254929659,5.900410442905013e-06,5.900410442905013e-06
1125,52.66658401489258,52.6665791766533,4.83823927766025e-06,4.83823927766025e-06
1126,52.668373107910156,52.668371325504154,1.78240600234858e-06,1.78240600234858e-06
1127,52.711971282958984,52.71196937848236,1.904476626179985e-06,1.904476626179985e-06
1128,52.72609329223633,52.72608825498355,5.037252776673995e-06,5.037252776673995e-06
1129,52.75505447387695,52.75505583251321,-1.3586362541673225e-06,1.3586362541673225e-06
1130,52.801605224609375,52.80160441644328,8.081660922698575e-07,8.081660922698575e-07
1131,52.77701950073242,52.777016228519514,3.2722129077455975e-06,3.2722129077455975e-06
1132,52.772117614746094,52.77211046897601,7.145770084093783e-06,7.145770084093783e-06
1133,52.764957427978516,52.76495227350939,5.154469128854089e-06,5.154469128854089e-06
1134,52.7343864440918,52.7343842385649,2.205526897114396e-06,2.205526897114396e-06
1135,52.631324768066406,52.63131930219016,5.465876249388657e-06,5.465876249388657e-06
1136,52.59526062011719,52.59525526849679,5.35162039483339e-06,5.35162039483339e-06
1137,52.65245819091797,52.652451998342,6.192575966679215e-06,6.192575966679215e-06
1138,52.745845794677734,52.7458374862896,8.308388132149958e-06,8.308388132149958e-06
1139,52.6900634765625,52.690054813041854,8.663520645768585e-06,8.663520645768585e-06
1140,52.650794982910156,52.65078834410171,6.638808443426569e-06,6.638808443426569e-06
1141,52.54631423950195,52.5463073129461,6.926555855102379e-06,6.926555855102379e-06
1142,52.54813003540039,52.548119255474234,1.0779926157056252e-05,1.0779926157056252e-05
1143,52.51460266113281,52.514591262172175,1.1398960637620803e-05,1.1398960637620803e-05
1144,52.44906997680664,52.449055988618525,1.3988188115376943e-05,1.3988188115376943e-05
1145,52.425331115722656,52.425313347262346,1.7768460310207956e-05,1.7768460310207956e-05
1146,52.37109375,52.37107607742131,1.7672578692895513e-05,1.7672578692895513e-05
1147,52.40408706665039,52.404069604093934,1.7462556456848688e-05,1.7462556456848688e-05
1148,52.41309356689453,52.41307686776156,1.6699132970643404e-05,1.6699132970643404e-05
1149,52.40782165527344,52.40780435863344,1.7296639995834084e-05,1.7296639995834084e-05
1150,52.43925476074219,52.43923758675105,1.7173991139429745e-05,1.7173991139429745e-05
1151,52.45232391357422,52.4523100829979,1.3830576321538501e-05,1.3830576321538501e-05
1152,52.33587646484375,52.33586053482557,1.593001817923323e-05,1.593001817923323e-05
1153,52.3387565612793,52.338740746650345,1.5814628952171006e-05,1.5814628952171006e-05
1154,52.351749420166016,52.35173027361205,1.914655396717535e-05,1.914655396717535e-05
1155,52.356693267822266,52.35667341955219,1.9848270078171026e-05,1.9848270078171026e-05
1156,52.31973648071289,52.319716549417976,1.993129491495438e-05,1.993129491495438e-05
1157,52.31596755981445,52.315948051687755,1.950812669804236e-05,1.950812669804236e-05
1158,52.29917907714844,52.299162858923495,1.6218224942576853e-05,1.6218224942576853e-05
1159,52.23671340942383,52.23669670778137,1.6701642458372135e-05,1.6701642458372135e-05
1160,52.316314697265625,52.316297488879115,1.7208386509537377e-05,1.7208386509537377e-05
1161,52.235939025878906,52.23592610681969,1.2919059216187634e-05,1.2919059216187634e-05
1162,52.19590759277344,52.19589376454303,1.382823040785297e-05,1.382823040785297e-05
1163,52.24031448364258,52.24029964219733,1.4841445249658136e-05,1.4841445249658136e-05
1164,52.157066345214844,52.15705113015248,1.5215062362017306e-05,1.5215062362017306e-05
1165,52.178733825683594,52.17871672274697,1.7102936624269205e-05,1.7102936624269205e-05
1166,52.155006408691406,52.15498921343547,1.7195255935575915e-05,1.7195255935575915e-05
1167,52.12982177734375,52.12980581901425,1.5958329498744206e-05,1.5958329498744206e-05
1168,52.033260345458984,52.033247392320845,1.2953138138982467e-05,1.2953138138982467e-05
1169,51.99211502075195,51.99210325081001,1.176994194196368e-05,1.176994194196368e-05
1170,52.00185775756836,52.00184619779724,1.1559771117219952e-05,1.1559771117219952e-05
1171,51.974613189697266,51.97459698010309,1.620959417891754e-05,1.620959417891754e-05
1172,52.02056121826172,52.0205438403501,1.737791161815494e-05,1.737791161815494e-05
1173,52.014713287353516,52.014694348784424,1.8938569091631052e-05,1.8938569091631052e-05
1174,52.00538635253906,52.00536816741723,1.8185121831493234e-05,1.8185121831493234e-05
1175,51.99269485473633,51.99267933398425,1.55207520791123e-05,1.55207520791123e-05
1176,52.00281524658203,52.00280163058733,1.361599470328656e-05,1.361599470328656e-05
1177,52.05267333984375,52.052657445018404,1.5894825345696972e-05,1.5894825345696972e-05
1178,52.08286666870117,52.08285533778865,1.133091252114582e-05,1.133091252114582e-05
1179,52.111244201660156,52.11123012570403,1.4075956123349442e-05,1.4075956123349442e-05
1180,52.17287826538086,52.17286284138851,1.542399235177072e-05,1.542399235177072e-05
1181,52.14515686035156,52.145139721130604,1.7139220958029e-05,1.7139220958029e-05
1182,52.13446807861328,52.134452136110916,1.5942502365362543e-05,1.5942502365362543e-05
1183,52.210975646972656,52.21095809047125,1.755650140466969e-05,1.755650140466969e-05
1184,52.180477142333984,52.18045900221591,1.814011807255156e-05,1.814011807255156e-05
1185,52.20545196533203,52.205437529062,1.443627002828407e-05,1.443627002828407e-05
1186,52.21129608154297,52.21127829451733,1.7787025640814136e-05,1.7787025640814136e-05
1187,52.29604721069336,52.296030065405986,1.7145287372954954e-05,1.7145287372954954e-05
1188,52.36083221435547,52.36081320679803,1.9007557440886558e-05,1.9007557440886558e-05
1189,52.36380386352539,52.363785958072384,1.7905453006505923e-05,1.7905453006505923e-05
1190,52.38331985473633,52.38329847209606,2.1382640269962394e-05,2.1382640269962394e-05
1191,52.23937225341797,52.239351428217915,2.0825200053309345e-05,2.0825200053309345e-05
1192,52.228721618652344,52.22869878105537,2.2837596972635765e-05,2.2837596972635765e-05
1193,52.25226593017578,52.25224194185131,2.398832447170207e-05,2.398832447170207e-05
1194,52.356754302978516,52.356732198282145,2.210469637020651e-05,2.210469637020651e-05
1195,52.35505676269531,52.35503239958739,2.4363107925751137e-05,2.4363107925751137e-05
1196,52.3761100769043,52.376088944748666,2.1132155630709804e-05,2.1132155630709804e-05
1197,52.37245559692383,52.37243250884889,2.3088074939892067e-05,2.3088074939892067e-05
1198,52.307865142822266,52.30784345188981,2.1690932456408518e-05,2.1690932456408518e-05
1199,52.30453872680664,52.304516700587826,2.2026218815085485e-05,2.2026218815085485e-05
1200,52.325931549072266,52.32590489098247,2.6658089794295847e-05,2.6658089794295847e-05
1201,52.195030212402344,52.19500696791888,2.3244483465134635e-05,2.3244483465134635e-05
1202,52.08439254760742,52.08436814260896,2.4404998463012362e-05,2.4404998463012362e-05
1203,51.939964294433594,51.93994062517082,2.3669262773751143e-05,2.3669262773751143e-05
1204,51.77534484863281,51.7753243649442,2.048368861551353e-05,2.048368861551353e-05
1205,51.67744445800781,51.67742402937107,2.0428636744895812e-05,2.0428636744895812e-05
1206,51.47420883178711,51.474189187566935,1.9644220174086513e-05,1.9644220174086513e-05
1207,51.36443328857422,51.364414884287555,1.840428666355365e-05,1.840428666355365e-05
1208,51.22639465332031,51.226372215090834,2.2438229478893845e-05,2.2438229478893845e-05
1209,50.962772369384766,50.962748467764555,2.390162021015385e-05,2.390162021015385e-05
1210,50.795433044433594,50.795411437252255,2.160718133836781e-05,2.160718133836781e-05
1211,50.710262298583984,50.71024153622534,2.0762358644788037e-05,2.0762358644788037e-05
1212,50.47105407714844,50.47102617542535,2.790172308664296e-05,2.790172308664296e-05
1213,50.393253326416016,50.39323194176527,2.13846507435278e-05,2.13846507435278e-05
1214,50.31480407714844,50.31478283509893,2.1242049506042804e-05,2.1242049506042804e-05
1215,50.2247200012207,50.22469833017492,2.1671045786320065e-05,2.1671045786320065e-05
1216,50.077213287353516,50.077190997924546,2.2289428969202163e-05,2.2289428969202163e-05
1217,49.907249450683594,49.907225919293126,2.353139046817887e-05,2.353139046817887e-05
1218,49.691673278808594,49.691653732322564,1.9546486029753396e-05,1.9546486029753396e-05
1219,49.543724060058594,49.54370274576575,2.13142928444654e-05,2.13142928444654e-05
1220,49.38901901245117,49.38900061578948,1.8396661694453087e-05,1.8396661694453087e-05
1221,49.33222198486328,49.33220155858114,2.0426282141272623e-05,2.0426282141272623e-05
1222,49.19984436035156,49.19982419492613,2.0165425432594475e-05,2.0165425432594475e-05
1223,49.03105163574219,49.03102872341097,2.291233121809455e-05,2.291233121809455e-05
1224,48.93254470825195,48.932524778984686,1.992926726757105e-05,1.992926726757105e-05
1225,48.82625198364258,48.8262260299511,2.5953691476843233e-05,2.5953691476843233e-05
1226,48.65929412841797,48.659270523182684,2.360523528466274e-05,2.360523528466274e-05
1227,48.53649139404297,48.536470277464765,2.111657820336177e-05,2.111657820336177e-05
1228,48.36345672607422,48.363432219288214,2.4506786004963033e-05,2.4506786004963033e-05
1229,48.187652587890625,48.187631827463264,2.076042736121053e-05,2.076042736121053e-05
1230,48.00223159790039,48.00221013931562,2.1458584768652145e-05,2.1458584768652145e-05
1231,47.8393440246582,47.83932064022304,2.3384435159812256e-05,2.3384435159812256e-05
1232,47.64901351928711,47.64899410526258,1.9414024528430218e-05,1.9414024528430218e-05
1233,47.54293441772461,47.542908591672585,2.58260520240583e-05,2.58260520240583e-05
1234,47.42852783203125,47.42850517047813,2.2661553117586664e-05,2.2661553117586664e-05
1235,47.27852249145508,47.278500003146334,2.2488308744073038e-05,2.2488308744073038e-05
1236,47.20896911621094,47.208949045611035,2.007059990205562e-05,2.007059990205562e-05
1237,47.08755111694336,47.08753071396904,2.0402974321598322e-05,2.0402974321598322e-05
1238,46.97494888305664,46.974923653321206,2.5229735435061684e-05,2.5229735435061684e-05
1239,46.81214141845703,46.81211709501474,2.4323442289642117e-05,2.4323442289642117e-05
1240,46.73286437988281,46.73284578124133,1.8598641482014955e-05,1.8598641482014955e-05
1241,46.5937614440918,46.59374337994312,1.8064148676444347e-05,1.8064148676444347e-05
1242,46.42741394042969,46.427396321334626,1.7619095061149892e-05,1.7619095061149892e-05
1243,46.3236083984375,46.32359026629163,1.813214586832146e-05,1.813214586832146e-05
1244,46.14175033569336,46.14173066562482,1.9670068539312524e-05,1.9670068539312524e-05
1245,45.9473991394043,45.947383876919424,1.5262484872380355e-05,1.5262484872380355e-05
1246,45.86382293701172,45.86380299604568,1.9940966041076535e-05,1.9940966041076535e-05
1247,45.76506423950195,45.765044727816274,1.951168567870809e-05,1.951168567870809e-05
1248,45.66844940185547,45.66843466283529,1.4739020180343232e-05,1.4739020180343232e-05
1249,45.55487060546875,45.554855811998856,1.4793469894414102e-05,1.4793469894414102e-05
1250,45.419403076171875,45.419389933083025,1.3143088850142703e-05,1.3143088850142703e-05
1251,45.23065948486328,45.23064396313896,1.5521724321843067e-05,1.5521724321843067e-05
1252,45.061031341552734,45.06101027038747,2.107116526417485e-05,2.107116526417485e-05
1253,44.90475845336914,44.90474160340125,1.684996789208526e-05,1.684996789208526e-05
1254,44.8042106628418,44.804195538561245,1.5124280551503944e-05,1.5124280551503944e-05
1255,44.65062713623047,44.650614426545516,1.2709684952483258e-05,1.2709684952483258e-05
1256,44.53700637817383,44.53699194673064,1.4431443190687787e-05,1.4431443190687787e-05
1257,44.41983413696289,44.41981579889139,1.833807149864697e-05,1.833807149864697e-05
1258,44.258670806884766,44.258653419048315,1.7387836450666327e-05,1.7387836450666327e-05
1259,44.05205535888672,44.0520367310048,1.8627881921418066e-05,1.8627881921418066e-05
1260,43.899112701416016,43.8990924970544,2.0204361618425537e-05,2.0204361618425537e-05
1261,43.73720169067383,43.73718346371595,1.8226957877232053e-05,1.8226957877232053e-05
1262,43.517967224121094,43.51794797242521,1.925169588190556e-05,1.925169588190556e-05
1263,43.356204986572266,43.35618769995599,1.728661627709016e-05,1.728661627709016e-05
1264,43.2701301574707,43.27011272697217,1.7430498530757177e-05,1.7430498530757177e-05
1265,43.09150695800781,43.09149124269251,1.5715315299758004e-05,1.5715315299758004e-05
1266,42.915016174316406,42.91499724910952,1.892520688784316e-05,1.892520688784316e-05
1267,42.85063552856445,42.850618100403906,1.7428160546728577e-05,1.7428160546728577e-05
1268,42.709232330322266,42.70921112191622,2.1208406046469008e-05,2.1208406046469008e-05
1269,42.487510681152344,42.48748830401428,2.237713806607644e-05,2.237713806607644e-05
1270,42.28477478027344,42.28475537689822,1.9403375219440022e-05,1.9403375219440022e-05
1271,42.23848342895508,42.23846355832538,1.9870629699880737e-05,1.9870629699880737e-05
1272,42.146209716796875,42.146190132416855,1.9584380019921355e-05,1.9584380019921355e-05
1273,41.99259567260742,41.992571782377574,2.389022984772282e-05,2.389022984772282e-05
1274,41.75586700439453,41.75584560973607,2.1394658460849314e-05,2.1394658460849314e-05
1275,41.522212982177734,41.52218805755983,2.4924617903820945e-05,2.4924617903820945e-05
1276,41.31350326538086,41.31347733721374,2.5928167119104728e-05,2.5928167119104728e-05
1277,41.101741790771484,41.10171253699798,2.9253773504933633e-05,2.9253773504933633e-05
1278,40.940711975097656,40.94068634267346,2.5632424197397086e-05,2.5632424197397086e-05
1279,40.85038375854492,40.85035834351255,2.541503236841436e-05,2.541503236841436e-05
1280,40.682552337646484,40.68252704765395,2.5289992535704187e-05,2.5289992535704187e-05
1281,40.4995231628418,40.499498181677836,2.4981163960546837e-05,2.4981163960546837e-05
1282,40.29769515991211,40.297673589915405,2.1569996704329242e-05,2.1569996704329242e-05
1283,40.0941276550293,40.094103460521396,2.419450790114297e-05,2.419450790114297e-05
1284,39.92823791503906,39.92821209559753,2.581944153234872e-05,2.581944153234872e-05
1285,39.72278594970703,39.72276436355301,2.1586154019814785e-05,2.1586154019814785e-05
1286,39.65705108642578,39.65702959587388,2.149055190159288e-05,2.149055190159288e-05
1287,39.49739074707031,39.4973693181083,2.142896201462463e-05,2.142896201462463e-05
1288,39.39657974243164,39.39655990833177,1.9834099873605737e-05,1.9834099873605737e-05
1289,39.21956253051758,39.21954234369383,2.018682374682612e-05,2.018682374682612e-05
1290,39.07658386230469,39.076562707310174,2.1154994513494785e-05,2.1154994513494785e-05
1291,38.8834342956543,38.88341100562829,2.3290026007316555e-05,2.3290026007316555e-05
1292,38.69919204711914,38.699169044225336,2.300289380485765e-05,2.300289380485765e-05
1293,38.531375885009766,38.53134864511601,2.7239893753971955e-05,2.7239893753971955e-05
1294,38.37591552734375,38.37589411380692,2.141353682816316e-05,2.141353682816316e-05
1295,38.23786926269531,38.23784752446797,2.173822733908537e-05,2.173822733908537e-05
1296,38.09878921508789,38.098761667761146,2.754732674503657e-05,2.754732674503657e-05
1297,37.98829650878906,37.98827044685141,2.6061937653309997e-05,2.6061937653309997e-05
1298,37.8040885925293,37.80406042225521,2.817027408497097e-05,2.817027408497097e-05
1299,37.70237350463867,37.70234845150821,2.5053130464414153e-05,2.5053130464414153e-05
1300,37.578948974609375,37.578919158954484,2.981565489079685e-05,2.981565489079685e-05
1301,37.359954833984375,37.35993103449292,2.379949145847604e-05,2.379949145847604e-05
1302,37.15120315551758,37.15117482730448,2.8328213097950083e-05,2.8328213097950083e-05
1303,37.076847076416016,37.076820223269465,2.6853146550820384e-05,2.6853146550820384e-05
1304,36.93804168701172,36.93801880296725,2.2884044469151377e-05,2.2884044469151377e-05
1305,36.776023864746094,36.7760016408598,2.2223886290362316e-05,2.2223886290362316e-05
1306,36.6404914855957,36.64046523746592,2.62481297852446e-05,2.62481297852446e-05
1307,36.4310302734375,36.43100302539876,2.724803874087911e-05,2.724803874087911e-05
1308,36.27125549316406,36.27123130961175,2.4183552312706524e-05,2.4183552312706524e-05
1309,36.15654754638672,36.1565234683992,2.4077987518467125e-05,2.4077987518467125e-05
1310,35.98430252075195,35.98428039588117,2.212487078168124e-05,2.212487078168124e-05
1311,35.805198669433594,35.80518074422832,1.792520527033048e-05,1.792520527033048e-05
1312,35.620826721191406,35.62081026727191,1.6453919499781477e-05,1.6453919499781477e-05
1313,35.539886474609375,35.539869599017514,1.687559186080989e-05,1.687559186080989e-05
1314,35.414794921875,35.4147738088018,2.1113073202627675e-05,2.1113073202627675e-05
1315,35.196346282958984,35.196328168111684,1.811484730041002e-05,1.811484730041002e-05
1316,35.016204833984375,35.01618363861675,2.1195367622794947e-05,2.1195367622794947e-05
1317,34.77311706542969,34.77309767703926,1.9388390427366176e-05,1.9388390427366176e-05
1318,34.626007080078125,34.6259870055905,2.0074487622423476e-05,2.0074487622423476e-05
1319,34.4896354675293,34.48961667080507,1.8796724226888273e-05,1.8796724226888273e-05
1320,34.32832336425781,34.32830190735227,2.1456905543004723e-05,2.1456905543004723e-05
1321,34.12689208984375,34.1268695258929,2.2563950849985304e-05,2.2563950849985304e-05
1322,33.89482116699219,33.89480053926195,2.062773023681075e-05,2.062773023681075e-05
1323,33.72029495239258,33.72027710208921,1.7850303365207765e-05,1.7850303365207765e-05
1324,33.46097946166992,33.46096717080558,1.2290864340513963e-05,1.2290864340513963e-05
1325,33.359153747558594,33.359137937296566,1.5810262027571298e-05,1.5810262027571298e-05
1326,33.17727279663086,33.17726047128962,1.2325341238295096e-05,1.2325341238295096e-05
1327,32.90147399902344,32.90145758567042,1.6413353016275778e-05,1.6413353016275778e-05
1328,32.801273345947266,32.80125947666793,1.3869279335665397e-05,1.3869279335665397e-05
1329,32.668392181396484,32.668377597202664,1.458419382061038e-05,1.458419382061038e-05
1330,32.38886260986328,32.388846109426716,1.6500436565536347e-05,1.6500436565536347e-05
1331,32.226585388183594,32.226567262131226,1.8126052367506418e-05,1.8126052367506418e-05
1332,32.028106689453125,32.02809040733539,1.6282117734078838e-05,1.6282117734078838e-05
1333,31.941762924194336,31.941749461870497,1.3462323838808743e-05,1.3462323838808743e-05
1334,31.88256072998047,31.882545121446498,1.5608533971089855e-05,1.5608533971089855e-05
1335,31.740121841430664,31.74010495172815,1.6889702514788496e-05,1.6889702514788496e-05
1336,31.63777732849121,31.63775881835611,1.8510135099347735e-05,1.8510135099347735e-05
1337,31.55805206298828,31.558032344175476,1.9718812804825347e-05,1.9718812804825347e-05
1338,31.387184143066406,31.38716608313285,1.805993355574742e-05,1.805993355574742e-05
1339,31.2607421875,31.26072661402188,1.557347811953491e-05,1.557347811953491e-05
1340,31.0992431640625,31.099227288210265,1.587585223461474e-05,1.587585223461474e-05
1341,30.920833587646484,30.920819845240743,1.3742405741368202e-05,1.3742405741368202e-05
1342,30.788599014282227,30.788584420716276,1.459356595034933e-05,1.459356595034933e-05
1343,30.625911712646484,30.625894943040137,1.676960634711122e-05,1.676960634711122e-05
1344,30.518085479736328,30.51807133353417,1.4146202158116239e-05,1.4146202158116239e-05
1345,30.349889755249023,30.34987628321401,1.3472035014672201e-05,1.3472035014672201e-05
1346,30.151336669921875,30.15132332353538,1.334638649552744e-05,1.334638649552744e-05
1347,30.025108337402344,30.02509436446536,1.3972936983464024e-05,1.3972936983464024e-05
1348,29.91653823852539,29.91652285778074,1.5380744649462486e-05,1.5380744649462486e-05
1349,29.69346809387207,29.693452772691067,1.5321181003002948e-05,1.5321181003002948e-05
1350,29.47715950012207,29.47714466575843,1.4834363639693038e-05,1.4834363639693038e-05
1351,29.331405639648438,29.331391188196005,1.4451452432950873e-05,1.4451452432950873e-05
1352,29.18691062927246,29.186897805760417,1.2823512044235486e-05,1.2823512044235486e-05
1353,29.008209228515625,29.008193862401185,1.5366114439530065e-05,1.5366114439530065e-05
1354,28.92842674255371,28.928414704581627,1.2037972084044668e-05,1.2037972084044668e-05
1355,28.698760986328125,28.698745297056902,1.5689271222640855e-05,1.5689271222640855e-05
1356,28.477039337158203,28.477026685568067,1.265159013641437e-05,1.265159013641437e-05
1357,28.30754280090332,28.307526797006034,1.6003897286509527e-05,1.6003897286509527e-05
1358,28.16441535949707,28.164399277977015,1.608152005516672e-05,1.608152005516672e-05
1359,27.958486557006836,27.958466196986265,2.036002057081987e-05,2.036002057081987e-05
1360,27.856332778930664,27.856311605648386,2.1173282277686667e-05,2.1173282277686667e-05
1361,27.689231872558594,27.689211987859178,1.9884699415939622e-05,1.9884699415939622e-05
1362,27.483047485351562,27.483028607595443,1.887775611919551e-05,1.887775611919551e-05
1363,27.28295135498047,27.28293495485424,1.6400126227722467e-05,1.6400126227722467e-05
1364,27.087533950805664,27.087518433732775,1.5517072888826533e-05,1.5517072888826533e-05
1365,26.954044342041016,26.95402886477499,1.5477266025243352e-05,1.5477266025243352e-05
1366,26.751718521118164,26.75170505849023,1.346262793333608e-05,1.346262793333608e-05
1367,26.600215911865234,26.600200745748623,1.5166116611453617e-05,1.5166116611453617e-05
1368,26.386178970336914,26.38616770469732,1.1265639592750176e-05,1.1265639592750176e-05
1369,26.23380470275879,26.23379067851171,1.402424707919181e-05,1.402424707919181e-05
1370,26.088956832885742,26.088941697852192,1.5135033549995569e-05,1.5135033549995569e-05
1371,25.99759292602539,25.997579353427984,1.3572597406863451e-05,1.3572597406863451e-05
1372,25.839832305908203,25.839819619771642,1.2686136560802197e-05,1.2686136560802197e-05
1373,25.725444793701172,25.72543276368949,1.2030011681929409e-05,1.2030011681929409e-05
1374,25.48845863342285,25.48844676272025,1.1870702600447203e-05,1.1870702600447203e-05
1375,25.351364135742188,25.351353019923785,1.111581840262943e-05,1.111581840262943e-05
1376,25.197071075439453,25.19705563786604,1.543757341337937e-05,1.543757341337937e-05
1377,25.108646392822266,25.108634131994492,1.226082777350257e-05,1.226082777350257e-05
1378,24.884727478027344,24.88471777340803,9.704619312600471e-06,9.704619312600471e-06
1379,24.76842498779297,24.76841320550407,1.1782288897421722e-05,1.1782288897421722e-05
1380,24.59519386291504,24.595183011846622,1.0851068417139231e-05,1.0851068417139231e-05
1381,24.4431095123291,24.44309794897707,1.1563352032339935e-05,1.1563352032339935e-05
1382,24.288089752197266,24.28807520255056,1.45496467069961e-05,1.45496467069961e-05
1383,24.145904541015625,24.145890730608514,1.38104071112366e-05,1.38104071112366e-05
1384,23.962369918823242,23.962353658300252,1.626052299030789e-05,1.626052299030789e-05
1385,23.82263946533203,23.822623703128546,1.5762203485536475e-05,1.5762203485536475e-05
1386,23.687538146972656,23.687523100541824,1.5046430831944235e-05,1.5046430831944235e-05
1387,23.522075653076172,23.522061286238305,1.4366837866930382e-05,1.4366837866930382e-05
1388,23.348434448242188,23.348418417881263,1.6030360924901288e-05,1.6030360924901288e-05
1389,23.292713165283203,23.29269685694851,1.6308334693349025e-05,1.6308334693349025e-05
1390,23.082374572753906,23.082358448936425,1.6123817481172864e-05,1.6123817481172864e-05
1391,22.91489601135254,22.914881548325337,1.4463027202538115e-05,1.4463027202538115e-05
1392,22.788782119750977,22.788767339239868,1.4780511108369865e-05,1.4780511108369865e-05
1393,22.642091751098633,22.642076204166962,1.5546931670940012e-05,1.5546931670940012e-05
1394,22.5504093170166,22.550395137038734,1.4179977867456728e-05,1.4179977867456728e-05
1395,22.416948318481445,22.4169335689949,1.4749486545895252e-05,1.4749486545895252e-05
1396,22.297348022460938,22.29733335147678,1.4670984157305611e-05,1.4670984157305611e-05
1397,22.188657760620117,22.188642939823364,1.4820796753411969e-05,1.4820796753411969e-05
1398,21.960065841674805,21.96005181047608,1.403119872378511e-05,1.403119872378511e-05
1399,21.80117416381836,21.80115749661593,1.666720243065356e-05,1.666720243065356e-05
1400,21.676864624023438,21.676849042571025,1.5581452412760655e-05,1.5581452412760655e-05
1401,21.598966598510742,21.59895170886271,1.4889648031868319e-05,1.4889648031868319e-05
1402,21.347824096679688,21.347808343257427,1.5753422260900152e-05,1.5753422260900152e-05
1403,21.1436824798584,21.143666272427957,1.6207430441284032e-05,1.6207430441284032e-05
1404,21.03611946105957,21.036102408823165,1.705223640513509e-05,1.705223640513509e-05
1405,20.928396224975586,20.928382039291186,1.4185684399592446e-05,1.4185684399592446e-05
1406,20.74674415588379,20.74672990733928,1.424854450959856e-05,1.424854450959856e-05
1407,20.510719299316406,20.510704504615017,1.4794701389320153e-05,1.4794701389320153e-05
1408,20.306297302246094,20.306281423576543,1.5878669550772884e-05,1.5878669550772884e-05
1409,20.22132682800293,20.22131281352085,1.4014482079716117e-05,1.4014482079716117e-05
1410,19.954086303710938,19.954072112071238,1.4191639699845382e-05,1.4191639699845382e-05
1411,19.78156280517578,19.78154932911172,1.34760640619902e-05,1.34760640619902e-05
1412,19.652122497558594,19.652109227951257,1.3269607336496847e-05,1.3269607336496847e-05
1413,19.48856544494629,19.488552212941265,1.3232005024121918e-05,1.3232005024121918e-05
1414,19.329376220703125,19.329363666222218,1.2554480907311927e-05,1.2554480907311927e-05
1415,19.25159454345703,19.251580816867655,1.37265893762617e-05,1.37265893762617e-05
1416,19.075334548950195,19.07532137325066,1.3175699535850072e-05,1.3175699535850072e-05
1417,18.929763793945312,18.929748322280417,1.5471664895017057e-05,1.5471664895017057e-05
1418,18.74945831298828,18.749443401707516,1.4911280764806634e-05,1.4911280764806634e-05
1419,18.61648941040039,18.61647530096149,1.4109438900788973e-05,1.4109438900788973e-05
1420,18.43904685974121,18.439031477839098,1.5381902112920898e-05,1.5381902112920898e-05
1421,18.297897338867188,18.297882890306045,1.444856114218851e-05,1.444856114218851e-05
1422,18.134010314941406,18.133995808995856,1.4505945550524757e-05,1.4505945550524757e-05
1423,18.093093872070312,18.093079422317814,1.4449752498535418e-05,1.4449752498535418e-05
1424,18.018817901611328,18.018800700161943,1.720144938488488e-05,1.720144938488488e-05
1425,17.829282760620117,17.82926846704681,1.4293573308066243e-05,1.4293573308066243e-05
1426,17.643314361572266,17.643300690234256,1.3671338010112777e-05,1.3671338010112777e-05
1427,17.41413688659668,17.414122819334768,1.406726191177654e-05,1.406726191177654e-05
1428,17.201723098754883,17.201709160814186,1.3937940696706619e-05,1.3937940696706619e-05
1429,16.945043563842773,16.945031750926525,1.1812916248743477e-05,1.1812916248743477e-05
1430,16.817626953125,16.817614707814,1.2245311001635173e-05,1.2245311001635173e-05
1431,16.61034393310547,16.610333575245743,1.0357859725473872e-05,1.0357859725473872e-05
1432,16.44439125061035,16.44437964792481,1.1602685543010693e-05,1.1602685543010693e-05
1433,16.37250518798828,16.372493537749076,1.1650239205351909e-05,1.1650239205351909e-05
1434,16.245054244995117,16.24504204707856,1.2197916557710187e-05,1.2197916557710187e-05
1435,16.020532608032227,16.020521841254876,1.076677735056819e-05,1.076677735056819e-05
1436,15.818367958068848,15.818357334043345,1.062402550289221e-05,1.062402550289221e-05
1437,15.565793991088867,15.565782529615847,1.1461473020446533e-05,1.1461473020446533e-05
1438,15.344648361206055,15.34463742878527,1.0932420785536578e-05,1.0932420785536578e-05
1439,15.257708549499512,15.257697986525123,1.0562974388506063e-05,1.0562974388506063e-05
1440,15.119612693786621,15.119603795624405,8.898162215942307e-06,8.898162215942307e-06
1441,14.889749526977539,14.889740130421634,9.39655590492805e-06,9.39655590492805e-06
1442,14.758706092834473,14.75869658854704,9.504287433514946e-06,9.504287433514946e-06
1443,14.63405990600586,14.634049037114107,1.0868891752835452e-05,1.0868891752835452e-05
1444,14.417805671691895,14.417794486556572,1.1185135322833162e-05,1.1185135322833162e-05
1445,14.248684883117676,14.248675078098167,9.80501950920143e-06,9.80501950920143e-06
1446,14.092188835144043,14.092180147600534,8.687543509466877e-06,8.687543509466877e-06
1447,13.947105407714844,13.947095605277951,9.802436892414335e-06,9.802436892414335e-06
1448,13.824908256530762,13.824898407181413,9.849349348556302e-06,9.849349348556302e-06
1449,13.689420700073242,13.689409955593051,1.0744480190894024e-05,1.0744480190894024e-05
1450,13.529187202453613,13.529178010362028,9.192091585674689e-06,9.192091585674689e-06
1451,13.498948097229004,13.498939587250428,8.509978576043409e-06,8.509978576043409e-06
1452,13.332648277282715,13.332639905496938,8.371785776617457e-06,8.371785776617457e-06
1453,13.082855224609375,13.0828472383112,7.986298175666207e-06,7.986298175666207e-06
1454,12.872684478759766,12.872677641082605,6.837677160476119e-06,6.837677160476119e-06
1455,12.690285682678223,12.690279668226724,6.014451498614903e-06,6.014451498614903e-06
1456,12.570273399353027,12.570266803147737,6.596205290421153e-06,6.596205290421153e-06
1457,12.334683418273926,12.334675803457522,7.614816404100111e-06,7.614816404100111e-06
1458,12.102372169494629,12.102365343214544,6.826280085192593e-06,6.826280085192593e-06
1459,11.923948287963867,11.923941856564714,6.431399153683515e-06,6.431399153683515e-06
1460,11.790698051452637,11.79068984172824,8.209724397190143e-06,8.209724397190143e-06
1461,11.664151191711426,11.664144223529409,6.968182017175195e-06,6.968182017175195e-06
1462,11.482828140258789,11.482818878739225,9.26151956370802e-06,9.26151956370802e-06
1463,11.273215293884277,11.273206522660756,8.771223521719662e-06,8.771223521719662e-06
1464,11.219172477722168,11.21916429287378,8.184848388381738e-06,8.184848388381738e-06
1465,11.077247619628906,11.077238903418726,8.716210180281792e-06,8.716210180281792e-06
1466,10.91675090789795,10.91674277328542,8.134612528465368e-06,8.134612528465368e-06
1467,10.780586242675781,10.780576215588672,1.0027087109065747e-05,1.0027087109065747e-05
1468,10.577054977416992,10.577044654261872,1.032315512006221e-05,1.032315512006221e-05
1469,10.422698020935059,10.42268783480432,1.01861307388873e-05,1.01861307388873e-05
1470,10.28061294555664,10.280602362193294,1.0583363346583496e-05,1.0583363346583496e-05
1471,10.077823638916016,10.07781328048054,1.0358435476476302e-05,1.0358435476476302e-05
1472,9.898398399353027,9.898388687727435,9.71162559260108e-06,9.71162559260108e-06
1473,9.760625839233398,9.760617127848114,8.711385284243534e-06,8.711385284243534e-06
1474,9.51441478729248,9.514405447566435,9.339726044998997e-06,9.339726044998997e-06
1475,9.405850410461426,9.405841223141234,9.187320191728077e-06,9.187320191728077e-06
1476,9.229147911071777,9.229136556127514,1.1354944263075595e-05,1.1354944263075595e-05
1477,9.032170295715332,9.032158476946199,1.1818769133142837e-05,1.1818769133142837e-05
1478,8.825634956359863,8.82562445764181,1.0498718053142397e-05,1.0498718053142397e-05
1479,8.73823356628418,8.738221668025403,1.1898258776454895e-05,1.1898258776454895e-05
1480,8.551753044128418,8.551740164159085,1.28799693328574e-05,1.28799693328574e-05
1481,8.385943412780762,8.385928103133274,1.5309647487526945e-05,1.5309647487526945e-05
1482,8.186962127685547,8.186947347922718,1.4779762828709408e-05,1.4779762828709408e-05
1483,7.971458911895752,7.971442404965056,1.6506930696102984e-05,1.6506930696102984e-05
1484,7.8324055671691895,7.832388065964565,1.750120462418181e-05,1.750120462418181e-05
1485,7.659933090209961,7.659915444610142,1.764559981864977e-05,1.764559981864977e-05
1486,7.500284671783447,7.500268452253913,1.6219529534566846e-05,1.6219529534566846e-05
1487,7.296320915222168,7.296304026861791,1.6888360376832168e-05,1.6888360376832168e-05
1488,7.177492141723633,7.1774756396348405,1.6502088792336167e-05,1.6502088792336167e-05
1489,7.034878253936768,7.034862379627629,1.587430913829735e-05,1.587430913829735e-05
1490,6.886316776275635,6.88630051656807,1.6259707564358905e-05,1.6259707564358905e-05
1491,6.739100933074951,6.739083211791628,1.7721283323446357e-05,1.7721283323446357e-05
1492,6.6316399574279785,6.631622630244397,1.732718358127272e-05,1.732718358127272e-05
1493,6.502089500427246,6.502071301232185,1.8199195061185947e-05,1.8199195061185947e-05
1494,6.305381774902344,6.305363548037659,1.8226864685111366e-05,1.8226864685111366e-05
1495,6.154461860656738,6.154444688056916,1.717259982214614e-05,1.717259982214614e-05
1496,5.985194683074951,5.98517788753238,1.679554257094651e-05,1.679554257094651e-05
1497,5.904996871948242,5.904980852224449,1.6019723792837226e-05,1.6019723792837226e-05
1498,5.666300296783447,5.666284472190888,1.5824592558999484e-05,1.5824592558999484e-05
1499,5.508242607116699,5.508225807789656,1.679932704323761e-05,1.679932704323761e-05
1500,5.295107364654541,5.295090350257558,1.701439698287288e-05,1.701439698287288e-05
1501,5.0324931144714355,5.032476062548279,1.7051923156152782e-05,1.7051923156152782e-05
1502,4.835371971130371,4.835353606611387,1.836451898373781e-05,1.836451898373781e-05
1503,4.610600471496582,4.61058278088048,1.7690616101795342e-05,1.7690616101795342e-05
1504,4.4404215812683105,4.44040345577889,1.8125489420484087e-05,1.8125489420484087e-05
1505,4.287710189819336,4.28769074223954,1.944757979632783e-05,1.944757979632783e-05
1506,4.1195855140686035,4.119565974289268,1.9539779335886465e-05,1.9539779335886465e-05
1507,3.9457452297210693,3.9457254725233257,1.97571977436084e-05,1.97571977436084e-05
1508,3.8077306747436523,3.807712721913121,1.7952830531520192e-05,1.7952830531520192e-05
1509,3.6087160110473633,3.608696883450528,1.9127596835311067e-05,1.9127596835311067e-05
1510,3.294313907623291,3.294294645135408,1.926248788297613e-05,1.926248788297613e-05
1511,3.1783604621887207,3.1783424110004885,1.8051188232171e-05,1.8051188232171e-05
1512,2.9976279735565186,2.997608730998107,1.9242558411569632e-05,1.9242558411569632e-05
1513,2.8610446453094482,2.861023915310499,2.0729998949420292e-05,2.0729998949420292e-05
1514,2.7140073776245117,2.7139876629232935,1.9714701218198627e-05,1.9714701218198627e-05
1515,2.531200408935547,2.5311796519618692,2.075697367764917e-05,2.075697367764917e-05
1516,2.390202045440674,2.3901818594765505,2.0185964123342615e-05,2.0185964123342615e-05
1517,2.147130012512207,2.147110480201195,1.953231101214925e-05,1.953231101214925e-05
1518,1.9962177276611328,1.9961991986519676,1.8529009165213495e-05,1.8529009165213495e-05
1519,1.8862797021865845,1.8862617831443353,1.7919042249125994e-05,1.7919042249125994e-05
1520,1.789827823638916,1.7898085648695288,1.925876938724258e-05,1.925876938724258e-05
1521,1.5882718563079834,1.5882511223411155,2.0733966867858555e-05,2.0733966867858555e-05
1522,1.3958126306533813,1.3957904049580643,2.2225695317068528e-05,2.2225695317068528e-05
1523,1.2745200395584106,1.2744974984986435,2.254105976717824e-05,2.254105976717824e-05
1524,1.0685038566589355,1.0684805987402637,2.3257918671859557e-05,2.3257918671859557e-05
1525,0.919313907623291,0.9192909916474123,2.2915975878667894e-05,2.2915975878667894e-05
1526,0.7287794351577759,0.7287562794606162,2.315569715971577e-05,2.315569715971577e-05
1527,0.5144791603088379,0.5144551527969057,2.40075119322114e-05,2.40075119322114e-05
1528,0.3389374017715454,0.3389128791340443,2.452263750113426e-05,2.452263750113426e-05
1529,0.15204878151416779,0.1520240830215256,2.469849264219448e-05,2.469849264219448e-05
1530,-0.04907149076461792,-0.0490954370697372,2.394630511928092e-05,2.394630511928092e-05
1531,-0.2594403624534607,-0.2594631157400125,2.2753286551824292e-05,2.2753286551824292e-05
1532,-0.40208691358566284,-0.4021081082951463,2.1194709483474128e-05,2.1194709483474128e-05
1533,-0.48790010809898376,-0.4879221607833673,2.2052684383544463e-05,2.2052684383544463e-05
1534,-0.6888836622238159,-0.6889052643484552,2.160212463930833e-05,2.160212463930833e-05
1535,-0.9320504665374756,-0.9320708671417401,2.0400604264558808e-05,2.0400604264558808e-05
1536,-1.1606005430221558,-1.1606205800783735,2.0037056217780957e-05,2.0037056217780957e-05
1537,-1.33118736743927,-1.3312072544445623,1.988700529231835e-05,1.988700529231835e-05
1538,-1.5116760730743408,-1.5116986177585954,2.2544684254555136e-05,2.2544684254555136e-05
1539,-1.7507147789001465,-1.7507358275999287,2.1048699782255653e-05,2.1048699782255653e-05
1540,-1.9206057786941528,-1.9206249127450867,1.913405093389997e-05,1.913405093389997e-05
1541,-2.1081159114837646,-2.108136781208205,2.0869724440153448e-05,2.0869724440153448e-05
1542,-2.273926019668579,-2.273947336101206,2.131643262703875e-05,2.131643262703875e-05
1543,-2.4626574516296387,-2.462680024344486,2.2572714847512998e-05,2.2572714847512998e-05
1544,-2.7237045764923096,-2.7237279282091196,2.335171681000503e-05,2.335171681000503e-05
1545,-2.8335063457489014,-2.83353022374017,2.387799126868373e-05,2.387799126868373e-05
1546,-2.944113254547119,-2.9441358863418596,2.2631794740490818e-05,2.2631794740490818e-05
1547,-3.1257615089416504,-3.1257858153644342,2.4306422783837434e-05,2.4306422783837434e-05
1548,-3.2268807888031006,-3.226904590511163,2.3801708062265448e-05,2.3801708062265448e-05
1549,-3.362112522125244,-3.362135037318242,2.2515192998007194e-05,2.2515192998007194e-05
1550,-3.6002800464630127,-3.600304084119472,2.4037656459086065e-05,2.4037656459086065e-05
1551,-3.7402374744415283,-3.7402596597616524,2.2185320124101793e-05,2.2185320124101793e-05
1552,-3.985309362411499,-3.985330208431483,2.0846019983977726e-05,2.0846019983977726e-05
1553,-4.189024448394775,-4.189045655643518,2.120724874288271e-05,2.120724874288271e-05
1554,-4.348781108856201,-4.3488015067172885,2.0397861087317892e-05,2.0397861087317892e-05
1555,-4.46302604675293,-4.4630440608858,1.8014132870725064e-05,1.8014132870725064e-05
1556,-4.690746784210205,-4.690764638151105,1.7853940899925647e-05,1.7853940899925647e-05
1557,-4.864867687225342,-4.864886036625671,1.834940032896526e-05,1.834940032896526e-05
1558,-4.987582683563232,-4.987600573748223,1.7890184990321245e-05,1.7890184990321245e-05
1559,-5.1729207038879395,-5.172936869199803,1.616531186332537e-05,1.616531186332537e-05
1560,-5.4576520919799805,-5.457669412006153,1.7320026172384928e-05,1.7320026172384928e-05
1561,-5.595452785491943,-5.595471128501076,1.8343009132948396e-05,1.8343009132948396e-05
1562,-5.750274181365967,-5.7502904273159,1.624594993288042e-05,1.624594993288042e-05
1563,-5.888319492340088,-5.888336933259543,1.7440919455324888e-05,1.7440919455324888e-05
1564,-6.0800676345825195,-6.080084628767663,1.6994185143559548e-05,1.6994185143559548e-05
1565,-6.203159332275391,-6.203176477198964,1.7144923573297888e-05,1.7144923573297888e-05
1566,-6.383459091186523,-6.383476093381984,1.7002195460413816e-05,1.7002195460413816e-05
1567,-6.570703506469727,-6.57072065935509,1.7152885363636017e-05,1.7152885363636017e-05
1568,-6.765392780303955,-6.765411203050948,1.8422746992818873e-05,1.8422746992818873e-05
1569,-6.830276966094971,-6.830295824051515,1.8857956543882892e-05,1.8857956543882892e-05
1570,-6.975865364074707,-6.975884884741771,1.9520667064121255e-05,1.9520667064121255e-05
1571,-7.298717975616455,-7.29873708207277,1.910645631486574e-05,1.910645631486574e-05
1572,-7.514987945556641,-7.5150051591113165,1.7213554675876708e-05,1.7213554675876708e-05
1573,-7.665180206298828,-7.665197017723887,1.681142505916e-05,1.681142505916e-05
1574,-7.891595363616943,-7.891613153497073,1.778988012990368e-05,1.778988012990368e-05
1575,-8.129444122314453,-8.12946246127918,1.8338964727249163e-05,1.8338964727249163e-05
1576,-8.364933967590332,-8.364951492228599,1.752463826676376e-05,1.752463826676376e-05
1577,-8.538814544677734,-8.538831437499974,1.6892822239711336e-05,1.6892822239711336e-05
1578,-8.761443138122559,-8.761460473508116,1.7335385557259997e-05,1.7335385557259997e-05
1579,-8.956024169921875,-8.956040983369142,1.6813447267338688e-05,1.6813447267338688e-05
1580,-9.15776538848877,-9.157782600668744,1.7212179974634978e-05,1.7212179974634978e-05
1581,-9.360861778259277,-9.360879831772987,1.8053513709759272e-05,1.8053513709759272e-05
1582,-9.585028648376465,-9.58504539009797,1.674172150600839e-05,1.674172150600839e-05
1583,-9.823925018310547,-9.823942986931712,1.7968621165209697e-05,1.7968621165209697e-05
1584,-9.93553638458252,-9.935552070894161,1.5686311641616157e-05,1.5686311641616157e-05
1585,-10.082889556884766,-10.08290531048284,1.5753598074041975e-05,1.5753598074041975e-05
1586,-10.272007942199707,-10.27202392200741,1.5979807702848348e-05,1.5979807702848348e-05
1587,-10.46126651763916,-10.461282177727004,1.566008784337214e-05,1.566008784337214e-05
1588,-10.645927429199219,-10.6459424438276,1.5014628381493367e-05,1.5014628381493367e-05
1589,-10.741388320922852,-10.741403856798888,1.5535876036310015e-05,1.5535876036310015e-05
1590,-10.959380149841309,-10.959396183988776,1.6034147467536286e-05,1.6034147467536286e-05
1591,-11.221673011779785,-11.221689427967283,1.641618749737006e-05,1.641618749737006e-05
1592,-11.41633129119873,-11.41634838541662,1.7094217890090135e-05,1.7094217890090135e-05
1593,-11.58421516418457,-11.58423064267506,1.5478490489329033e-05,1.5478490489329033e-05
1594,-11.776457786560059,-11.77647230994689,1.4523386830944673e-05,1.4523386830944673e-05
1595,-11.999471664428711,-11.99948687169045,1.5207261739647038e-05,1.5207261739647038e-05
1596,-12.151813507080078,-12.151829383726032,1.587664595348315e-05,1.587664595348315e-05
1597,-12.26766586303711,-12.267682711389583,1.684835247317551e-05,1.684835247317551e-05
1598,-12.465723991394043,-12.465740962951248,1.6971557204925602e-05,1.6971557204925602e-05
1599,-12.56313419342041,-12.563150027801463,1.5834381052570734e-05,1.5834381052570734e-05
1600,-12.843585968017578,-12.843601132789466,1.516477188800991e-05,1.516477188800991e-05
1601,-12.866682052612305,-12.866697237578228,1.5184965922898641e-05,1.5184965922898641e-05
1602,-12.781929969787598,-12.781944426655292,1.4456867694079278e-05,1.4456867694079278e-05
1603,-12.792338371276855,-12.792354017852398,1.5646575542760388e-05,1.5646575542760388e-05
1604,-12.705925941467285,-12.70594266438584,1.6722918555700517e-05,1.6722918555700517e-05
1605,-12.72146987915039,-12.721484946750127,1.50675997367955e-05,1.50675997367955e-05
1606,-12.630831718444824,-12.630847323815996,1.5605371171290017e-05,1.5605371171290017e-05
1607,-12.630509376525879,-12.630526707748768,1.7331222888827824e-05,1.7331222888827824e-05
1608,-12.610651969909668,-12.61066716881209,1.5198902422852711e-05,1.5198902422852711e-05
1609,-12.568804740905762,-12.5688201962318,1.5455326037638883e-05,1.5455326037638883e-05
1610,-12.617292404174805,-12.617307136865328,1.4732690523544534e-05,1.4732690523544534e-05
1611,-12.597991943359375,-12.598007841816464,1.5898457089491558e-05,1.5898457089491558e-05
1612,-12.575077056884766,-12.57509235499395,1.529810918476926e-05,1.529810918476926e-05
1613,-12.483108520507812,-12.48312215293943,1.3632431617338625e-05,1.3632431617338625e-05
1614,-12.520734786987305,-12.520748297649856,1.351066255139699e-05,1.351066255139699e-05
1615,-12.426360130310059,-12.426374557954773,1.4427644714487542e-05,1.4427644714487542e-05
1616,-12.409868240356445,-12.409881267472905,1.302711645934096e-05,1.302711645934096e-05
1617,-12.408973693847656,-12.408988881609368,1.5187761711388248e-05,1.5187761711388248e-05
1618,-12.334446907043457,-12.33446169483846,1.4787795002746407e-05,1.4787795002746407e-05
1619,-12.295313835144043,-12.295328636269563,1.4801125519880998e-05,1.4801125519880998e-05
1620,-12.223065376281738,-12.223078176473228,1.2800191489859003e-05,1.2800191489859003e-05
1621,-12.108766555786133,-12.108779061752308,1.2505966175524463e-05,1.2505966175524463e-05
1622,-12.089781761169434,-12.089797110567646,1.534939821290493e-05,1.534939821290493e-05
1623,-12.167893409729004,-12.167907876885902,1.4467156898234634e-05,1.4467156898234634e-05
1624,-12.17513656616211,-12.175149733146174,1.3166984064838516e-05,1.3166984064838516e-05
1625,-12.165536880493164,-12.165552747819932,1.5867326768059797e-05,1.5867326768059797e-05
1626,-12.138843536376953,-12.138858279634267,1.4743257313654112e-05,1.4743257313654112e-05
1627,-12.205981254577637,-12.205995119135853,1.3864558216170053e-05,1.3864558216170053e-05
1628,-12.224784851074219,-12.224798953914846,1.4102840626861735e-05,1.4102840626861735e-05
1629,-12.229857444763184,-12.229872255484644,1.481072145992357e-05,1.481072145992357e-05
1630,-12.220634460449219,-12.220650201784194,1.574133497506125e-05,1.574133497506125e-05
1631,-12.235347747802734,-12.23536355886575,1.5811063015291893e-05,1.5811063015291893e-05
1632,-12.24303150177002,-12.24304497794201,1.3476171989879049e-05,1.3476171989879049e-05
1633,-12.119156837463379,-12.119172137966245,1.530050286646656e-05,1.530050286646656e-05
1634,-12.107684135437012,-12.107698346926618,1.4211489606452687e-05,1.4211489606452687e-05
1635,-12.160767555236816,-12.160781363714912,1.3808478096066779e-05,1.3808478096066779e-05
1636,-12.2009859085083,-12.201000759606568,1.4851098267598672e-05,1.4851098267598672e-05
1637,-12.177708625793457,-12.177723119017058,1.4493223600808847e-05,1.4493223600808847e-05
1638,-12.047531127929688,-12.047544866337997,1.373840830964923e-05,1.373840830964923e-05
1639,-11.990174293518066,-11.990187507691903,1.3214173836928467e-05,1.3214173836928467e-05
1640,-12.04277515411377,-12.042788975655283,1.382154151308157e-05,1.382154151308157e-05
1641,-12.023896217346191,-12.023908152152917,1.1934806725122371e-05,1.1934806725122371e-05
1642,-12.047075271606445,-12.047087629641123,1.2358034677362184e-05,1.2358034677362184e-05
1643,-12.09210205078125,-12.092114291863354,1.22410821035146e-05,1.22410821035146e-05
1644,-12.065077781677246,-12.065091367487845,1.3585810599181514e-05,1.3585810599181514e-05
1645,-11.900384902954102,-11.900397452073431,1.2549119329463565e-05,1.2549119329463565e-05
1646,-11.795366287231445,-11.795379460268348,1.3173036903069146e-05,1.3173036903069146e-05
1647,-11.855046272277832,-11.855058816543316,1.2544265484137895e-05,1.2544265484137895e-05
1648,-11.809535026550293,-11.809548073015469,1.3046465175747812e-05,1.3046465175747812e-05
1649,-11.751606941223145,-11.751619202016226,1.2260793081253496e-05,1.2260793081253496e-05
1650,-11.676140785217285,-11.676153782396643,1.2997179357654431e-05,1.2997179357654431e-05
1651,-11.628026008605957,-11.628038687446953,1.267884099576122e-05,1.267884099576122e-05
1652,-11.51633071899414,-11.516341874898405,1.115590426437052e-05,1.115590426437052e-05
1653,-11.56889820098877,-11.568909437983798,1.1236995028696128e-05,1.1236995028696128e-05
1654,-11.499296188354492,-11.499307518431015,1.1330076523208277e-05,1.1330076523208277e-05
1655,-11.497246742248535,-11.497256127304468,9.385055932398245e-06,9.385055932398245e-06
1656,-11.504929542541504,-11.504941466031529,1.1923490024656758e-05,1.1923490024656758e-05
1657,-11.41859245300293,-11.418604120949057,1.166794612750266e-05,1.166794612750266e-05
1658,-11.270557403564453,-11.270569815380183,1.2411815729862496e-05,1.2411815729862496e-05
1659,-11.224098205566406,-11.224111334209567,1.3128643161053333e-05,1.3128643161053333e-05
1660,-11.155241966247559,-11.155252920190126,1.0953942567226704e-05,1.0953942567226704e-05
1661,-11.15795612335205,-11.15796835895329,1.2235601239751759e-05,1.2235601239751759e-05
1662,-11.120121002197266,-11.12013398683019,1.2984632924428752e-05,1.2984632924428752e-05
1663,-11.179898262023926,-11.179910527222914,1.2265198988004045e-05,1.2265198988004045e-05
1664,-11.145947456359863,-11.145959500894328,1.204453446490561e-05,1.204453446490561e-05
1665,-11.034282684326172,-11.03429469685079,1.2012524617688314e-05,1.2012524617688314e-05
1666,-10.926946640014648,-10.9269593345146,1.2694499950782756e-05,1.2694499950782756e-05
1667,-10.91136646270752,-10.91137924272484,1.2780017319968806e-05,1.2780017319968806e-05
1668,-10.879603385925293,-10.879616101105313,1.2715180019995387e-05,1.2715180019995387e-05
1669,-10.940584182739258,-10.940596787859027,1.2605119769304451e-05,1.2605119769304451e-05
1670,-11.043219566345215,-11.04323229271225,1.2726367035753583e-05,1.2726367035753583e-05
1671,-10.98408317565918,-10.984095184548309,1.2008889129333511e-05,1.2008889129333511e-05
1672,-11.008820533752441,-11.008833464235952,1.293048351058701e-05,1.293048351058701e-05
1673,-10.980805397033691,-10.980818119492323,1.2722458631486688e-05,1.2722458631486688e-05
1674,-10.919322967529297,-10.919336021323193,1.3053793896489196e-05,1.3053793896489196e-05
1675,-10.80830192565918,-10.80831318001428,1.1254355101186775e-05,1.1254355101186775e-05
1676,-10.706925392150879,-10.706938148791192,1.2756640312971967e-05,1.2756640312971967e-05
1677,-10.625298500061035,-10.625311661308894,1.3161247858661795e-05,1.3161247858661795e-05
1678,-10.622625350952148,-10.6226371970148,1.1846062651699185e-05,1.1846062651699185e-05
1679,-10.532553672790527,-10.532566213701232,1.2540910704572639e-05,1.2540910704572639e-05
1680,-10.562095642089844,-10.562108564613949,1.2922524105007938e-05,1.2922524105007938e-05
1681,-10.593757629394531,-10.593770272328653,1.2642934121842586e-05,1.2642934121842586e-05
1682,-10.646191596984863,-10.646204125536784,1.2528551920354403e-05,1.2528551920354403e-05
1683,-10.6206636428833,-10.620677185903972,1.3543020671136219e-05,1.3543020671136219e-05
1684,-10.560194969177246,-10.560208722303862,1.3753126616222744e-05,1.3753126616222744e-05
1685,-10.468968391418457,-10.468981591436853,1.320001839566487e-05,1.320001839566487e-05
1686,-10.381898880004883,-10.381911880679025,1.3000674142560342e-05,1.3000674142560342e-05
1687,-10.348074913024902,-10.348089615439811,1.4702414908640549e-05,1.4702414908640549e-05
1688,-10.344303131103516,-10.34431917418696,1.6043083444827744e-05,1.6043083444827744e-05
1689,-10.31967544555664,-10.319689978363416,1.4532806774880669e-05,1.4532806774880669e-05
1690,-10.261911392211914,-10.261925864914904,1.4472702989820618e-05,1.4472702989820618e-05
1691,-10.16923999786377,-10.169254543901737,1.4546037967022585e-05,1.4546037967022585e-05
1692,-10.186161994934082,-10.18617592090937,1.3925975288486825e-05,1.3925975288486825e-05
1693,-10.232748031616211,-10.232763207236577,1.5175620365681652e-05,1.5175620365681652e-05
1694,-10.330355644226074,-10.330371925011548,1.6280785473554715e-05,1.6280785473554715e-05
1695,-10.388330459594727,-10.38834617001171,1.571041698333886e-05,1.571041698333886e-05
1696,-10.409802436828613,-10.409817991401257,1.555457264323934e-05,1.555457264323934e-05
1697,-10.421490669250488,-10.421506730535196,1.6061284707546974e-05,1.6061284707546974e-05
1698,-10.382582664489746,-10.382599711178534,1.704668878765858e-05,1.704668878765858e-05
1699,-10.4111909866333,-10.411207432742938,1.644610963680293e-05,1.644610963680293e-05
1700,-10.40558910369873,-10.405604606043703,1.550234497216252e-05,1.550234497216252e-05
1701,-10.4468412399292,-10.446858500084108,1.726015490888244e-05,1.726015490888244e-05
1702,-10.49348258972168,-10.49349974635856,1.7156636880955034e-05,1.7156636880955034e-05
1703,-10.49124526977539,-10.491262821353864,1.755157847327382e-05,1.755157847327382e-05
1704,-10.555389404296875,-10.555406528691062,1.7124394187106873e-05,1.7124394187106873e-05
1705,-10.577583312988281,-10.577599117076495,1.5804088214110834e-05,1.5804088214110834e-05
1706,-10.40102767944336,-10.401044140380554,1.6460937194651137e-05,1.6460937194651137e-05
1707,-10.365960121154785,-10.365973951195912,1.3830041126539072e-05,1.3830041126539072e-05
1708,-10.381813049316406,-10.381826434617448,1.3385301041779485e-05,1.3385301041779485e-05
1709,-10.361748695373535,-10.361763360973665,1.4665600129859513e-05,1.4665600129859513e-05
1710,-10.29439640045166,-10.29441048016817,1.407971650912998e-05,1.407971650912998e-05
1711,-10.251568794250488,-10.251581744944282,1.2950693793811752e-05,1.2950693793811752e-05
1712,-10.241432189941406,-10.241444861437106,1.2671495699834168e-05,1.2671495699834168e-05
1713,-10.309090614318848,-10.30910419327441,1.3578955561754924e-05,1.3578955561754924e-05
1714,-10.303814888000488,-10.303826999350733,1.21113502444814e-05,1.21113502444814e-05
1715,-10.206851959228516,-10.206862424122047,1.0464893531292319e-05,1.0464893531292319e-05
1716,-10.176755905151367,-10.176764707604473,8.802453105971608e-06,8.802453105971608e-06
1717,-10.128510475158691,-10.128520910748447,1.0435589755886099e-05,1.0435589755886099e-05
1718,-10.100443840026855,-10.100455006909137,1.116688228108842e-05,1.116688228108842e-05
1719,-10.038408279418945,-10.038420080575634,1.1801156688306946e-05,1.1801156688306946e-05
1720,-9.894866943359375,-9.894878200432228,1.125707285254407e-05,1.125707285254407e-05
1721,-9.836506843566895,-9.836517140083808,1.0296516913754772e-05,1.0296516913754772e-05
1722,-9.908499717712402,-9.908511243862858,1.1526150455409834e-05,1.1526150455409834e-05
1723,-9.863016128540039,-9.863026338259651,1.0209719611964374e-05,1.0209719611964374e-05
1724,-9.865477561950684,-9.865486129432945,8.567482261412351e-06,8.567482261412351e-06
1725,-9.834630966186523,-9.834638905815023,7.93962849954255e-06,7.93962849954255e-06
1726,-9.852294921875,-9.852302263795638,7.341920637671251e-06,7.341920637671251e-06
1727,-9.746866226196289,-9.746874245393508,8.019197219155672e-06,8.019197219155672e-06
1728,-9.723343849182129,-9.723353808717473,9.959535343995185e-06,9.959535343995185e-06
1729,-9.665240287780762,-9.665250266544062,9.978763300111382e-06,9.978763300111382e-06
1730,-9.669754981994629,-9.669763427684451,8.445689822167424e-06,8.445689822167424e-06
1731,-9.484447479248047,-9.484456457424123,8.978176076368527e-06,8.978176076368527e-06
1732,-9.468999862670898,-9.46901127674952,1.1414078620930468e-05,1.1414078620930468e-05
1733,-9.415007591247559,-9.4150187894057,1.1198158141212389e-05,1.1198158141212389e-05
1734,-9.412142753601074,-9.412154038441647,1.128484057311141e-05,1.128484057311141e-05
1735,-9.420982360839844,-9.420993408421815,1.1047581971013187e-05,1.1047581971013187e-05
1736,-9.392712593078613,-9.392724662846543,1.2069767930000808e-05,1.2069767930000808e-05
1737,-9.285520553588867,-9.28553382826103,1.3274672163277046e-05,1.3274672163277046e-05
1738,-9.157264709472656,-9.157278392490891,1.3683018234900146e-05,1.3683018234900146e-05
1739,-9.143539428710938,-9.143553091226337,1.366251539991481e-05,1.366251539991481e-05
1740,-9.117046356201172,-9.117059710980486,1.3354779314411758e-05,1.3354779314411758e-05
1741,-9.014851570129395,-9.014866416675062,1.484654566752397e-05,1.484654566752397e-05
1742,-8.887243270874023,-8.887258274264822,1.5003390798185023e-05,1.5003390798185023e-05
1743,-8.887312889099121,-8.887326156993947,1.3267894825474968e-05,1.3267894825474968e-05
1744,-8.872515678405762,-8.872530757200312,1.5078794550760222e-05,1.5078794550760222e-05
1745,-8.767961502075195,-8.767976819376633,1.531730143788934e-05,1.531730143788934e-05
1746,-8.717106819152832,-8.717121436910721,1.4617757889467953e-05,1.4617757889467953e-05
1747,-8.751326560974121,-8.751340132757049,1.3571782927712661e-05,1.3571782927712661e-05
1748,-8.672863006591797,-8.672875917834485,1.2911242688318225e-05,1.2911242688318225e-05
1749,-8.834199905395508,-8.834211180786536,1.1275391027965043e-05,1.1275391027965043e-05
1750,-8.746490478515625,-8.74650138102754,1.0902511915489299e-05,1.0902511915489299e-05
1751,-8.688069343566895,-8.688082479890651,1.313632375676832e-05,1.313632375676832e-05
1752,-8.626847267150879,-8.626861521942036,1.4254791157242153e-05,1.4254791157242153e-05
1753,-8.558767318725586,-8.558780351811608,1.3033086021962959e-05,1.3033086021962959e-05
1754,-8.556737899780273,-8.556748977810935,1.1078030661693106e-05,1.1078030661693106e-05
1755,-8.536297798156738,-8.536309386361205,1.1588204467116725e-05,1.1588204467116725e-05
1756,-8.571297645568848,-8.571307569930378,9.924361529911607e-06,9.924361529911607e-06
1757,-8.639104843139648,-8.639115849451201,1.100631155281917e-05,1.100631155281917e-05
1758,-8.570483207702637,-8.570492170451512,8.9627488755184e-06,8.9627488755184e-06
1759,-8.617157936096191,-8.617165586001132,7.6499049406209e-06,7.6499049406209e-06
1760,-8.498641967773438,-8.49864980373869,7.835965252667165e-06,7.835965252667165e-06
1761,-8.38946533203125,-8.38947438899049,9.056959239472917e-06,9.056959239472917e-06
1762,-8.381404876708984,-8.381412873103358,7.996394373321891e-06,7.996394373321891e-06
1763,-8.343233108520508,-8.34324164195959,8.53343908246984e-06,8.53343908246984e-06
1764,-8.21299934387207,-8.213007237577623,7.89370555231983e-06,7.89370555231983e-06
1765,-8.17939567565918,-8.179401275468129,5.599808948986151e-06,5.599808948986151e-06
1766,-8.109257698059082,-8.109262107827323,4.409768241231404e-06,4.409768241231404e-06
1767,-8.032405853271484,-8.032409956292534,4.103021050028133e-06,4.103021050028133e-06
1768,-7.909384727478027,-7.909388203105899,3.475627871729614e-06,3.475627871729614e-06
1769,-7.904633045196533,-7.904636005909407,2.960712873978366e-06,2.960712873978366e-06
1770,-7.870007514953613,-7.870008271151562,7.561979487036297e-07,7.561979487036297e-07
1771,-7.877044677734375,-7.877046464532024,1.7867976493946003e-06,1.7867976493946003e-06
1772,-7.947245121002197,-7.947245864465062,7.434628646052488e-07,7.434628646052488e-07
1773,-8.07619571685791,-8.076196730748798,1.0138908876911046e-06,1.0138908876911046e-06
1774,-8.103443145751953,-8.103446160566783,3.0148148297826083e-06,3.0148148297826083e-06
1775,-8.07236099243164,-8.072361711477207,7.190455661998385e-07,7.190455661998385e-07
1776,-8.0940580368042,-8.094058160801389,1.2399718940514504e-07,1.2399718940514504e-07
1777,-8.0698881149292,-8.069889641326043,1.526396843587463e-06,1.526396843587463e-06
1778,-8.03093433380127,-8.030936096376584,1.76257531414592e-06,1.76257531414592e-06
1779,-7.929253101348877,-7.929254466348645,1.3649997683273796e-06,1.3649997683273796e-06
1780,-8.032256126403809,-8.032260392204478,4.265800669145392e-06,4.265800669145392e-06
1781,-7.849788665771484,-7.849790774423612,2.1086521275748282e-06,2.1086521275748282e-06
1782,-7.8140997886657715,-7.814104145985544,4.3573197725521595e-06,4.3573197725521595e-06
1783,-7.7166829109191895,-7.71668593036431,3.0194451206000394e-06,3.0194451206000394e-06
1784,-7.8179826736450195,-7.817984149393489,1.4757484692040634e-06,1.4757484692040634e-06
1785,-7.678163051605225,-7.678165783158096,2.7315528710047943e-06,2.7315528710047943e-06
1786,-7.643442630767822,-7.64344641691386,3.7861460375765432e-06,3.7861460375765432e-06
1787,-7.652111053466797,-7.652112578598255,1.5251314584574516e-06,1.5251314584574516e-06
1788,-7.668681621551514,-7.6686860750038734,4.453452359776122e-06,4.453452359776122e-06
1789,-7.648009777069092,-7.648010549601317,7.725322248575139e-07,7.725322248575139e-07
1790,-7.679962158203125,-7.679961535656302,-6.225468229814624e-07,6.225468229814624e-07
1791,-7.700164318084717,-7.700164089069227,-2.2901549012743772e-07,2.2901549012743772e-07
1792,-7.805012226104736,-7.805013920376424,1.6942716873913355e-06,1.6942716873913355e-06
1793,-7.795986652374268,-7.795988890287745,2.2379134776429055e-06,2.2379134776429055e-06
1794,-7.839753150939941,-7.839757095094097,3.944154155277602e-06,3.944154155277602e-06
1795,-7.901443004608154,-7.901445677119671,2.6725115169767832e-06,2.6725115169767832e-06
1796,-7.928049087524414,-7.928051720858406,2.6333339917528065e-06,2.6333339917528065e-06
1797,-7.842041969299316,-7.842043227594989,1.258295672990073e-06,1.258295672990073e-06
1798,-7.86328649520874,-7.8632863107337725,-1.8447496774598449e-07,1.8447496774598449e-07
1799,-7.7149529457092285,-7.7149518223748235,-1.1233344050509686e-06,1.1233344050509686e-06
1800,-7.525447368621826,-7.5254437078879235,-3.6607339026772934e-06,3.6607339026772934e-06
1801,-7.614165306091309,-7.6141636600419895,-1.6460493190706416e-06,1.6460493190706416e-06
1802,-7.629211902618408,-7.629211134914587,-7.677038214026766e-07,7.677038214026766e-07
1803,-7.608406066894531,-7.608402651401652,-3.415492879632609e-06,3.415492879632609e-06
1804,-7.63571834564209,-7.635716017684749,-2.3279573406753684e-06,2.3279573406753684e-06
1805,-7.50559663772583,-7.505595555619404,-1.0821064257982016e-06,1.0821064257982016e-06
1806,-7.4657464027404785,-7.465745517137752,-8.856027262638122e-07,8.856027262638122e-07
1807,-7.500226974487305,-7.500223222209571,-3.7522777338594437e-06,3.7522777338594437e-06
1808,-7.510889053344727,-7.510883621717888,-5.431626838969805e-06,5.431626838969805e-06
1809,-7.565349578857422,-7.565346586600525,-2.992256896483525e-06,2.992256896483525e-06
1810,-7.574065208435059,-7.574060525302382,-4.683132676319701e-06,4.683132676319701e-06
1811,-7.4626946449279785,-7.462688359223531,-6.285704447606122e-06,6.285704447606122e-06
1812,-7.507565021514893,-7.5075578690241755,-7.152490717032833e-06,7.152490717032833e-06
1813,-7.432016372680664,-7.4320101111614205,-6.2615192435444555e-06,6.2615192435444555e-06
1814,-7.42317008972168,-7.423165221483217,-4.868238463018315e-06,4.868238463018315e-06
1815,-7.521770477294922,-7.521765284407169,-5.192887752691888e-06,5.192887752691888e-06
1816,-7.55435037612915,-7.5543440994400655,-6.2766890849275114e-06,6.2766890849275114e-06
1817,-7.655033111572266,-7.655028608863895,-4.502708370601738e-06,4.502708370601738e-06
1818,-7.480306625366211,-7.480301488732386,-5.1366338249536625e-06,5.1366338249536625e-06
1819,-7.432535648345947,-7.432530185643597,-5.4627023500231076e-06,5.4627023500231076e-06
1820,-7.392948150634766,-7.392942274669433,-5.875965332968747e-06,5.875965332968747e-06
1821,-7.363306999206543,-7.363303491958861,-3.5072476816111475e-06,3.5072476816111475e-06
1822,-7.315670013427734,-7.315668976354128,-1.0370736065468122e-06,1.0370736065468122e-06
1823,-7.309911727905273,-7.309911252909486,-4.749957875915811e-07,4.749957875915811e-07
1824,-7.312278747558594,-7.312278132134538,-6.154240557165735e-07,6.154240557165735e-07
1825,-7.3536481857299805,-7.35365011107968,1.925349699227752e-06,1.925349699227752e-06
1826,-7.3391923904418945,-7.33919518381178,2.793369885623065e-06,2.793369885623065e-06
1827,-7.318711757659912,-7.318714989920899,3.2322609868629115e-06,3.2322609868629115e-06
1828,-7.3665266036987305,-7.36653028699225,3.6832935199626604e-06,3.6832935199626604e-06
1829,-7.326351165771484,-7.326353815204267,2.6494327824977404e-06,2.6494327824977404e-06
1830,-7.40418815612793,-7.404189234442096,1.0783141659587159e-06,1.0783141659587159e-06
1831,-7.356130599975586,-7.356131986828151,1.3868525652327435e-06,1.3868525652327435e-06
1832,-7.332812786102295,-7.332813386972007,6.008697122084072e-07,6.008697122084072e-07
1833,-7.230740547180176,-7.230741379816747,8.326365712463257e-07,8.326365712463257e-07
1834,-7.2013258934021,-7.2013271854439935,1.2920418939188494e-06,1.2920418939188494e-06
1835,-7.1290717124938965,-7.12907464325997,2.930766073383495e-06,2.930766073383495e-06
1836,-6.982438564300537,-6.982441670781515,3.1064809782321845e-06,3.1064809782321845e-06
1837,-6.9261345863342285,-6.926138246673668,3.6603394395484656e-06,3.6603394395484656e-06
1838,-6.825499534606934,-6.825500722671858,1.1880649246620578e-06,1.1880649246620578e-06
1839,-6.823421001434326,-6.823422863235309,1.8618009827164883e-06,1.8618009827164883e-06
1840,-6.838005065917969,-6.838008202868861,3.1369508919354416e-06,3.1369508919354416e-06
1841,-6.831628322601318,-6.831631853241987,3.5306406687141134e-06,3.5306406687141134e-06
1842,-6.878785610198975,-6.878787364095076,1.7538961012419918e-06,1.7538961012419918e-06
1843,-6.834171772003174,-6.834173218826252,1.4468230782327396e-06,1.4468230782327396e-06
1844,-6.783100128173828,-6.783098850562395,-1.2776114335366628e-06,1.2776114335366628e-06
1845,-6.836486339569092,-6.836488065129609,1.7255605175847677e-06,1.7255605175847677e-06
1846,-6.81079626083374,-6.810796148524894,-1.1230884666701968e-07,1.1230884666701968e-07
1847,-6.747070789337158,-6.747069781633842,-1.0077033163469196e-06,1.0077033163469196e-06
1848,-6.766391754150391,-6.766392634471434,8.803210436170161e-07,8.803210436170161e-07
1849,-6.8248138427734375,-6.824813980846053,1.3807261556308958e-07,1.3807261556308958e-07
1850,-6.785116672515869,-6.785115245975766,-1.4265401029334157e-06,1.4265401029334157e-06
1851,-6.870419979095459,-6.870419232725072,-7.463703868282323e-07,7.463703868282323e-07
1852,-6.7345099449157715,-6.734510805143776,8.602280043845667e-07,8.602280043845667e-07
1853,-6.714843273162842,-6.714841423046942,-1.8501158995931632e-06,1.8501158995931632e-06
1854,-6.771653175354004,-6.771647848499362,-5.3268546418294704e-06,5.3268546418294704e-06
1855,-6.780340671539307,-6.780336266210692,-4.405328614787152e-06,4.405328614787152e-06
1856,-6.685945987701416,-6.6859396316779005,-6.356023515508014e-06,6.356023515508014e-06
1857,-6.6806840896606445,-6.680679180264527,-4.909396117191989e-06,4.909396117191989e-06
1858,-6.65838623046875,-6.65838000640116,-6.224067590210325e-06,6.224067590210325e-06
1859,-6.574995517730713,-6.574990456339712,-5.061391000538151e-06,5.061391000538151e-06
1860,-6.462271690368652,-6.462266406627583,-5.283741069561643e-06,5.283741069561643e-06
1861,-6.466928482055664,-6.466922289492467,-6.192563197338075e-06,6.192563197338075e-06
1862,-6.3899030685424805,-6.389897314051275,-5.75449120532312e-06,5.75449120532312e-06
1863,-6.361724376678467,-6.361718590506524,-5.786171942467888e-06,5.786171942467888e-06
1864,-6.310169219970703,-6.3101616836785315,-7.536292171650416e-06,7.536292171650416e-06
1865,-6.250612735748291,-6.250604950744749,-7.785003542259972e-06,7.785003542259972e-06
1866,-6.175189018249512,-6.175179683975506,-9.33427400529041e-06,9.33427400529041e-06
1867,-6.123976707458496,-6.123965538130737,-1.116932775868662e-05,1.116932775868662e-05
1868,-6.12578821182251,-6.125775939501729,-1.2272320780937207e-05,1.2272320780937207e-05
1869,-6.062740802764893,-6.062730396122632,-1.0406642260818444e-05,1.0406642260818444e-05
1870,-6.0127034187316895,-6.012695945003669,-7.473728020457315e-06,7.473728020457315e-06
1871,-5.942730903625488,-5.94272399686969,-6.906755798397057e-06,6.906755798397057e-06
1872,-5.936804294586182,-5.936797286186817,-7.008399364849538e-06,7.008399364849538e-06
1873,-5.8763580322265625,-5.876351278136719,-6.7540898438522845e-06,6.7540898438522845e-06
1874,-5.871435165405273,-5.871426483517684,-8.681887589290227e-06,8.681887589290227e-06
1875,-5.817715644836426,-5.817706872571202,-8.772265223555564e-06,8.772265223555564e-06
1876,-5.863117218017578,-5.863109367304726,-7.850712852253139e-06,7.850712852253139e-06
1877,-5.652987957000732,-5.652981590742535,-6.366258197054719e-06,6.366258197054719e-06
1878,-5.604267597198486,-5.604262321262647,-5.275935839321733e-06,5.275935839321733e-06
1879,-5.579412937164307,-5.57940764180894,-5.2953553666412745e-06,5.2953553666412745e-06
1880,-5.6621527671813965,-5.662147321158603,-5.4460227936203864e-06,5.4460227936203864e-06
1881,-5.6356120109558105,-5.635609845211075,-2.165744735549424e-06,2.165744735549424e-06
1882,-5.580448627471924,-5.580443822398085,-4.805073839264651e-06,4.805073839264651e-06
1883,-5.518951892852783,-5.518943800978868,-8.091873914928271e-06,8.091873914928271e-06
1884,-5.491837024688721,-5.491829560364666,-7.46432405485109e-06,7.46432405485109e-06
1885,-5.468687534332275,-5.4686800979642465,-7.4363680289124545e-06,7.4363680289124545e-06
1886,-5.393461227416992,-5.393454500148508,-6.7272684844965625e-06,6.7272684844965625e-06
1887,-5.2733259201049805,-5.273321809267081,-4.110837899418129e-06,4.110837899418129e-06
1888,-5.299328327178955,-5.2993247630927,-3.564086255458676e-06,3.564086255458676e-06
1889,-5.283090591430664,-5.283089118964479,-1.472466185425958e-06,1.472466185425958e-06
1890,-5.3440961837768555,-5.344094399458694,-1.7843181616683523e-06,1.7843181616683523e-06
1891,-5.355036735534668,-5.3550324432195175,-4.29231515042261e-06,4.29231515042261e-06
1892,-5.434307098388672,-5.434299720301721,-7.378086951170815e-06,7.378086951170815e-06
1893,-5.464329242706299,-5.464325355081135,-3.887625164011865e-06,3.887625164011865e-06
1894,-5.322997093200684,-5.3229907886784975,-6.304522186084682e-06,6.304522186084682e-06
1895,-5.197392463684082,-5.197386533542863,-5.930141218968288e-06,5.930141218968288e-06
1896,-5.2107439041137695,-5.210739751834517,-4.152279252878088e-06,4.152279252878088e-06
1897,-5.1511335372924805,-5.151127316498595,-6.220793885347575e-06,6.220793885347575e-06
1898,-5.0909857749938965,-5.09098056147178,-5.213522116243041e-06,5.213522116243041e-06
1899,-4.838242053985596,-4.838236066392483,-5.987593112877221e-06,5.987593112877221e-06
1900,-4.927927017211914,-4.927923384727038,-3.632484876447961e-06,3.632484876447961e-06
1901,-4.920102119445801,-4.9200992375808426,-2.881864958226288e-06,2.881864958226288e-06
1902,-4.85622501373291,-4.856219267606406,-5.7461265043912135e-06,5.7461265043912135e-06
1903,-4.89864444732666,-4.898635900952808,-8.546373852169609e-06,8.546373852169609e-06
1904,-4.863531112670898,-4.863524425365313,-6.687305585728609e-06,6.687305585728609e-06
1905,-4.926576137542725,-4.9265677257294715,-8.41181325306195e-06,8.41181325306195e-06
1906,-4.907180309295654,-4.90717144782952,-8.861466134213458e-06,8.861466134213458e-06
1907,-4.76370906829834,-4.763701247085875,-7.821212465231042e-06,7.821212465231042e-06
1908,-4.724640846252441,-4.724634265170721,-6.5810817204692285e-06,6.5810817204692285e-06
1909,-4.677049160003662,-4.677044962259941,-4.197743721512381e-06,4.197743721512381e-06
1910,-4.646414279937744,-4.646410873296585,-3.406641159386936e-06,3.406641159386936e-06
1911,-4.7093048095703125,-4.709299238538055,-5.571032257734032e-06,5.571032257734032e-06
1912,-4.920331001281738,-4.920324575044262,-6.426237476375718e-06,6.426237476375718e-06
1913,-4.84420108795166,-4.844194836632726,-6.251318934502592e-06,6.251318934502592e-06
1914,-4.909910678863525,-4.909902364924913,-8.313938612225513e-06,8.313938612225513e-06
1915,-5.165245056152344,-5.165236405069571,-8.651082772814789e-06,8.651082772814789e-06
1916,-5.148705005645752,-5.148692939909676,-1.2065736076039002e-05,1.2065736076039002e-05
1917,-5.231451988220215,-5.231441072627772,-1.0915592443261346e-05,1.0915592443261346e-05
1918,-5.192358493804932,-5.192347148001385,-1.1345803546447542e-05,1.1345803546447542e-05
1919,-5.1938018798828125,-5.193790184349462,-1.1695533350675191e-05,1.1695533350675191e-05
1920,-5.144469261169434,-5.1444550423561015,-1.421881333207864e-05,1.421881333207864e-05
1921,-4.992729663848877,-4.992715131474985,-1.453237389181794e-05,1.453237389181794e-05
1922,-5.069908142089844,-5.069895784111387,-1.2357978456556395e-05,1.2357978456556395e-05
1923,-4.951665878295898,-4.951656497548001,-9.380747897580477e-06,9.380747897580477e-06
1924,-4.928089618682861,-4.92807750536446,-1.2113318401674178e-05,1.2113318401674178e-05
1925,-4.963064670562744,-4.963054510589811,-1.0159972933188044e-05,1.0159972933188044e-05
1926,-5.002063751220703,-5.002050853030549,-1.289819015415361e-05,1.289819015415361e-05
1927,-5.02552604675293,-5.025511080867103,-1.496588582661218e-05,1.496588582661218e-05
1928,-5.062075138092041,-5.062060513134709,-1.4624957332287636e-05,1.4624957332287636e-05
1929,-5.182460308074951,-5.182443039281514,-1.7268793436997498e-05,1.7268793436997498e-05
1930,-5.216240882873535,-5.216223587873668,-1.729499986691252e-05,1.729499986691252e-05
1931,-5.121184825897217,-5.121164329467767,-2.0496429449679e-05,2.0496429449679e-05
1932,-5.125376224517822,-5.125358607178812,-1.7617339009845523e-05,1.7617339009845523e-05
1933,-5.182170391082764,-5.182151114003673,-1.9277079090329607e-05,1.9277079090329607e-05
1934,-5.088230609893799,-5.088210661375239,-1.9948518559687045e-05,1.9948518559687045e-05
1935,-5.16444730758667,-5.164429437070871,-1.787051579871246e-05,1.787051579871246e-05
1936,-5.217257499694824,-5.217243585962715,-1.3913732109571697e-05,1.3913732109571697e-05
1937,-5.148539066314697,-5.148525966641501,-1.3099673195959838e-05,1.3099673195959838e-05
1938,-5.177914619445801,-5.177899608708113,-1.5010737687504161e-05,1.5010737687504161e-05
1939,-5.12962007522583,-5.129606591679978,-1.3483545852288614e-05,1.3483545852288614e-05
1940,-5.2410125732421875,-5.240995842691499,-1.673055068884821e-05,1.673055068884821e-05
1941,-5.288475036621094,-5.288462325613072,-1.2711008022137094e-05,1.2711008022137094e-05
1942,-5.121514320373535,-5.121502347716561,-1.1972656974279516e-05,1.1972656974279516e-05
1943,-5.102553367614746,-5.102541285471743,-1.2082143003411261e-05,1.2082143003411261e-05
1944,-4.953266143798828,-4.953250614290626,-1.5529508202050124e-05,1.5529508202050124e-05
1945,-5.056551933288574,-5.056536294166029,-1.5639122545429984e-05,1.5639122545429984e-05
1946,-5.152238845825195,-5.152226391845822,-1.2453979373105994e-05,1.2453979373105994e-05
1947,-5.126043796539307,-5.126034346876345,-9.449662961458216e-06,9.449662961458216e-06
1948,-4.966582298278809,-4.966571439676189,-1.085860261973437e-05,1.085860261973437e-05
1949,-5.0516791343688965,-5.051670058825918,-9.075542978465023e-06,9.075542978465023e-06
1950,-5.094813346862793,-5.094801951327351,-1.1395535442382254e-05,1.1395535442382254e-05
1951,-4.9397969245910645,-4.939781163585191,-1.5761005873748957e-05,1.5761005873748957e-05
1952,-4.829605579376221,-4.8295929775594715,-1.2601816749224781e-05,1.2601816749224781e-05
1953,-4.820955276489258,-4.8209454883227085,-9.788166549284938e-06,9.788166549284938e-06
1954,-4.799701690673828,-4.799687401673829,-1.4288999999223506e-05,1.4288999999223506e-05
1955,-4.650581359863281,-4.650572478977358,-8.880885923545634e-06,8.880885923545634e-06
1956,-4.332062721252441,-4.332055253466501,-7.467785940740157e-06,7.467785940740157e-06
1957,-4.274143218994141,-4.274137845565807,-5.373428333399488e-06,5.373428333399488e-06
1958,-4.149052143096924,-4.149046619818863,-5.52327806069286e-06,5.52327806069286e-06
1959,-4.0809526443481445,-4.080948679140402,-3.965207742595567e-06,3.965207742595567e-06
1960,-3.955150604248047,-3.9551451524478836,-5.451800163314147e-06,5.451800163314147e-06
1961,-3.813436985015869,-3.8134281211899075,-8.863825961658023e-06,8.863825961658023e-06
1962,-3.745340347290039,-3.7453273972183543,-1.2950071684780795e-05,1.2950071684780795e-05
1963,-3.631673574447632,-3.631663167542722,-1.0406904909832093e-05,1.0406904909832093e-05
1964,-3.491997718811035,-3.4919844420137007,-1.3276797334427215e-05,1.3276797334427215e-05
1965,-3.2078652381896973,-3.207851103404611,-1.4134785086383772e-05,1.4134785086383772e-05
1966,-2.951932430267334,-2.951919264940461,-1.316532687312133e-05,1.316532687312133e-05
1967,-3.183123826980591,-3.183109073842287,-1.4753138303902347e-05,1.4753138303902347e-05
1968,-3.2305119037628174,-3.230502061191444,-9.842571373486209e-06,9.842571373486209e-06
1969,-2.714385747909546,-2.714371583831478,-1.4164078067757657e-05,1.4164078067757657e-05
1970,-2.4946162700653076,-2.494603094931739,-1.3175133568577024e-05,1.3175133568577024e-05
1971,-2.770745038986206,-2.7707341441890962,-1.089479710980612e-05,1.089479710980612e-05
1972,-2.6450035572052,-2.6449937042057776,-9.852999422577113e-06,9.852999422577113e-06
1973,-2.6186683177948,-2.618660375993873,-7.941800926669629e-06,7.941800926669629e-06
1974,-2.2702956199645996,-2.2702840758678144,-1.1544096785165436e-05,1.1544096785165436e-05
1975,-2.311732053756714,-2.311719007291052,-1.3046465662025497e-05,1.3046465662025497e-05
1976,-2.3186047077178955,-2.318585914668211,-1.8793049684440177e-05,1.8793049684440177e-05
1977,-1.913887858390808,-1.9138644942480385,-2.336414276959964e-05,2.336414276959964e-05
1978,-1.9685999155044556,-1.968581376853462,-1.8538650993660255e-05,1.8538650993660255e-05
1979,-2.0008912086486816,-2.000878698422836,-1.2510225845474565e-05,1.2510225845474565e-05
1980,-2.162163496017456,-2.1621561822020796,-7.3138153764418234e-06,7.3138153764418234e-06
1981,-2.2920987606048584,-2.2920852783969528,-1.3482207905646248e-05,1.3482207905646248e-05
1982,-2.523752212524414,-2.5237399886054956,-1.222391891841923e-05,1.222391891841923e-05
1983,-2.341093063354492,-2.341078853910509,-1.4209443983226322e-05,1.4209443983226322e-05
1984,-2.3819687366485596,-2.3819546296749015,-1.410697365811231e-05,1.410697365811231e-05
1985,-2.0356509685516357,-2.035642407646013,-8.560905622623238e-06,8.560905622623238e-06
1986,-2.055410146713257,-2.055406978889184,-3.1678240728361118e-06,3.1678240728361118e-06
1987,-1.9535735845565796,-1.953573273534441,-3.1102213848832605e-07,3.1102213848832605e-07
1988,-2.070348024368286,-2.0703480126797587,-1.1688527479236654e-08,1.1688527479236654e-08
1989,-1.841524362564087,-1.8415173438311385,-7.0187329483939465e-06,7.0187329483939465e-06
1990,-1.239000916481018,-1.23898691641488,-1.4000066138164513e-05,1.4000066138164513e-05
1991,-1.012977123260498,-1.012959035282757,-1.8087977740943728e-05,1.8087977740943728e-05
1992,-0.5792772769927979,-0.5792490116048055,-2.8265387992387758e-05,2.8265387992387758e-05
1993,-0.4081691801548004,-0.4081472759279436,-2.1904226856828135e-05,2.1904226856828135e-05
1994,-0.19435256719589233,-0.1943370900291901,-1.5477166702221323e-05,1.5477166702221323e-05
1995,-0.30390751361846924,-0.3039007328130379,-6.780805431316761e-06,6.780805431316761e-06
1996,-0.5173254609107971,-0.5173231804630196,-2.280447777502914e-06,2.280447777502914e-06
1997,-1.1693058013916016,-1.1693124370874293,6.635695827705845e-06,6.635695827705845e-06
1998,-1.6582998037338257,-1.6583113583974893,1.1554663663648768e-05,1.1554663663648768e-05
1999,-1.123400330543518,-1.123426623653487,2.6293109969044437e-05,2.6293109969044437e-05
